Date,Volume,RSI_14
2014-09-12,4620200,34.43840780574343
2014-09-15,2902300,41.56270668460784
2014-09-16,4876300,48.45182193669661
2014-09-17,3525800,48.41492105363848
2014-09-18,3848200,44.58087001698613
2014-09-19,3464700,41.743524250385896
2014-09-22,3814900,37.47962435342019
2014-09-23,3317200,36.33927131231151
2014-09-24,2848300,38.40135645977244
2014-09-25,2845400,34.71300181112097
2014-09-26,2982200,43.2283950885737
2014-09-29,5186400,33.49213890994041
2014-09-30,5222300,31.96659304320398
2014-10-01,4918800,28.510149819621883
2014-10-02,3986300,32.632000261032786
2014-10-03,3708600,38.52771132241563
2014-10-06,6714000,50.33692421268231
2014-10-07,4874100,51.58127749846793
2014-10-08,4807200,49.98796114335448
2014-10-09,4503200,50.895455196815085
2014-10-10,3635700,43.058271003297534
2014-10-13,4544400,53.48828543768288
2014-10-14,3904700,53.68860764557969
2014-10-15,5671200,46.671852422059374
2014-10-16,5427800,41.02920084947444
2014-10-17,4406300,46.4422907647819
2014-10-20,3868300,42.27764339239142
2014-10-21,6578000,37.50832160151628
2014-10-22,3755400,37.45724618811095
2014-10-23,6346100,33.48662289961932
2014-10-24,5852100,38.55916126034196
2014-10-27,7999300,35.1782508175181
2014-10-28,5761300,42.12277474733395
2014-10-29,4915300,38.96870867236521
2014-10-30,4299700,43.54591612431665
2014-10-31,5348200,50.64014714922015
2014-11-03,3665200,48.67988587984389
2014-11-04,3529800,50.01506603465744
2014-11-05,2901600,47.90795579546872
2014-11-06,3692500,44.76660442318672
2014-11-07,3592600,46.83990165421047
2014-11-10,2973700,45.28421170206976
2014-11-11,2678500,44.482305771474614
2014-11-12,3198600,46.53374528509915
2014-11-13,3032900,42.71975756603855
2014-11-14,3789300,42.47489068748049
2014-11-17,2824600,40.7253413601498
2014-11-18,3639700,44.56879441417601
2014-11-19,4251300,50.344886149088644
2014-11-21,6026200,59.44380308364071
2014-11-24,4588700,56.62224285851136
2014-11-25,5033200,57.12083541275717
2014-11-26,3033300,55.07132934175942
2014-11-27,2292700,53.39147502302127
2014-11-28,2637700,53.127608365942955
2014-12-01,4312800,43.441276865616246
2014-12-02,3296400,41.19235619237785
2014-12-03,2724600,44.492071250254405
2014-12-04,2913300,41.341213718642436
2014-12-05,2530100,44.04140551038617
2014-12-08,3302600,38.27233445175733
2014-12-09,3852900,38.01946448231392
2014-12-10,3168900,35.980814479812665
2014-12-11,3828900,37.72588720971354
2014-12-12,3756700,32.12489641493592
2014-12-15,4685700,29.62064079057867
2014-12-16,5339900,29.592840622111545
2014-12-17,6209500,39.133954693779565
2014-12-18,4240500,38.41752464301508
2014-12-19,3620400,44.24176450020917
2014-12-22,2675200,46.46075238535675
2014-12-23,2668300,49.969060537040534
2014-12-26,1911100,46.7714820268064
2014-12-29,1852500,48.894071784963074
2014-12-30,2925300,46.2949209667128
2015-01-02,2882100,40.403950092155334
2015-01-05,3866100,37.02690035244267
2015-01-06,4559300,39.668486718087
2015-01-07,4408800,46.91263905577746
2015-01-08,3621900,49.07464063225515
2015-01-09,2999200,44.581608147131334
2015-01-12,3246100,41.95626280878909
2015-01-13,3881600,41.58702911592639
2015-01-14,3697200,40.05313685965297
2015-01-15,4463600,42.25419001084308
2015-01-16,3344900,47.65224010477348
2015-01-19,2096000,42.24883057482258
2015-01-20,2899100,42.90780298727322
2015-01-21,3561400,49.87934017086194
2015-01-22,4952300,50.92850159561715
2015-01-23,3081600,47.65190600910582
2015-01-26,2774200,46.692976001299805
2015-01-27,3890900,46.77453532636436
2015-01-28,4241400,42.31259735824943
2015-01-29,4405500,42.75236480115524
2015-01-30,4846600,38.70242964224169
2015-02-02,3247800,43.699503611764726
2015-02-03,4819800,51.261029818744156
2015-02-04,4811300,53.00561843639703
2015-02-05,4004000,52.60248158067623
2015-02-06,4591400,49.905893657935664
2015-02-09,3658900,53.34950776026166
2015-02-10,3796000,48.09055707406685
2015-02-11,4307600,46.56181988010202
2015-02-12,3828500,54.08865621264229
2015-02-13,3888100,59.348781108703754
2015-02-18,2940700,62.080486423928704
2015-02-19,2485100,62.140048137634416
2015-02-20,2208700,61.72241780719225
2015-02-23,2824500,61.9339727189243
2015-02-24,3004200,64.82150465508951
2015-02-25,3477200,64.26377210025275
2015-02-26,3239000,63.79462920578284
2015-02-27,4177300,62.05774992108658
2015-03-02,2793700,56.799612995593506
2015-03-03,2746200,58.697402475852456
2015-03-04,3654700,51.500052884622036
2015-03-05,2732500,50.67559551097105
2015-03-06,2787800,47.61515185556494
2015-03-09,3299100,41.93332179444229
2015-03-10,4434300,36.69853016783783
2015-03-11,3839700,42.07433340566774
2015-03-12,3833200,41.91175495767055
2015-03-13,4475600,40.08951242550758
2015-03-16,3155400,42.47931099307964
2015-03-17,4013900,53.797246433638854
2015-03-18,4458900,60.94430303965706
2015-03-19,3263600,56.59847049065528
2015-03-20,4916800,61.794418402559906
2015-03-23,3397500,61.33385727267211
2015-03-24,3436500,58.15352287446601
2015-03-25,4774600,60.10426675612487
2015-03-26,3638500,50.83803820499126
2015-03-27,3927700,47.824715344027226
2015-03-30,2798500,54.67323135347413
2015-03-31,3511300,54.05423637131962
2015-04-01,4411500,60.17367966562804
2015-04-02,4266500,63.7292745338751
2015-04-06,3322100,66.21891279301873
2015-04-07,3487100,66.15519653381597
2015-04-08,4780400,65.57759634368144
2015-04-09,4338300,66.24045968705715
2015-04-10,3683000,68.15208169317987
2015-04-13,3660300,68.27446737969603
2015-04-14,3747100,65.58131611316374
2015-04-15,4069600,70.18166146468172
2015-04-16,4133000,67.6360868799016
2015-04-17,3537200,60.680140177977215
2015-04-20,2688000,58.919406548762424
2015-04-22,3700600,63.89727872417508
2015-04-23,5535100,68.95225644218554
2015-04-24,4982000,72.48365955223456
2015-04-27,3854300,63.43174087691327
2015-04-28,4082600,64.67441812812429
2015-04-29,3888400,60.76475203452717
2015-04-30,4947500,64.99496130374413
2015-05-04,3492600,69.41443660319374
2015-05-05,3903800,71.79385829187969
2015-05-06,4598400,64.45229130747133
2015-05-07,3065100,63.11922128187539
2015-05-08,3410900,64.12039714676074
2015-05-11,2966300,64.33987174556349
2015-05-12,3087600,60.95202878117668
2015-05-13,3071700,57.56675512717953
2015-05-14,3209800,59.22181518759467
2015-05-15,2894400,62.494221553637985
2015-05-18,3778400,54.222463033120086
2015-05-19,3223000,49.46561869325997
2015-05-20,3278700,45.795663165865555
2015-05-21,3303700,47.281883491134494
2015-05-22,3689100,42.87213482144992
2015-05-25,1604600,44.62762165378628
2015-05-26,3324200,39.159191295163005
2015-05-27,3475600,43.753586931806446
2015-05-28,2914500,42.278431815031176
2015-05-29,5553300,36.14121233851177
2015-06-01,2675400,38.29112497765957
2015-06-02,3476000,46.85830657326723
2015-06-03,3317500,43.04984883565139
2015-06-05,2729100,40.32704241413754
2015-06-08,2582500,39.52909980239095
2015-06-09,3678000,39.5764944755759
2015-06-10,3587500,47.41737223414783
2015-06-11,3093500,46.276493118170855
2015-06-12,2379500,44.18859273307463
2015-06-15,2607700,42.90477157905865
2015-06-16,3280300,47.33062488271114
2015-06-17,2993200,44.35650608750451
2015-06-18,2665000,51.52539755101896
2015-06-19,2948200,48.21439223011874
2015-06-22,2354400,49.04202397679383
2015-06-23,2625300,48.37593521258998
2015-06-24,2731100,48.952165722132804
2015-06-25,3234900,43.985080497885754
2015-06-26,2705400,50.768210881371466
2015-06-29,2550600,43.93497445063418
2015-06-30,3021100,44.4726252343937
2015-07-01,2714000,42.363453147838385
2015-07-02,2998100,45.36963176408066
2015-07-03,1498600,41.44307119914038
2015-07-06,2573500,39.14345925529389
2015-07-07,3538900,41.001524600542176
2015-07-08,2880300,37.45241108308796
2015-07-10,2678700,44.852585111257234
2015-07-13,2606900,49.08643046211616
2015-07-14,2740900,50.02548417362043
2015-07-15,2533600,47.38242140982099
2015-07-16,2075700,48.833743753146074
2015-07-17,2440800,43.264780995325815
2015-07-20,2635000,38.45166180201817
2015-07-21,2942600,37.68498594392154
2015-07-22,3123300,34.41261390466229
2015-07-23,4181500,29.019220616606887
2015-07-24,3632500,26.736440821135243
2015-07-27,3489100,24.824596717266225
2015-07-28,4137600,33.517920895108546
2015-07-29,3746800,39.14501327100552
2015-07-30,3261200,37.30468303841864
2015-07-31,3142200,45.04419673151497
2015-08-03,2613200,40.95507505477646
2015-08-04,2670400,40.519169918474695
2015-08-05,2662100,42.40877376602231
2015-08-06,3640800,40.72935292836566
2015-08-07,3218400,33.34156310950709
2015-08-10,2842100,39.71420171600476
2015-08-11,3288000,38.28681171748096
2015-08-12,4234500,34.99013129272636
2015-08-13,3186500,33.28448165536584
2015-08-14,2878900,31.11521163582308
2015-08-17,2411800,29.898748960452792
2015-08-18,3544600,32.194365601026085
2015-08-19,3236800,28.48900485321809
2015-08-20,2945700,29.1100724626267
2015-08-21,2869600,25.480579771728724
2015-08-24,4727700,21.23318325028783
2015-08-25,3726600,23.312091275016694
2015-08-26,3739600,36.25510957306495
2015-08-27,4252000,47.06269003050736
2015-08-28,3778600,44.3535822584766
2015-08-31,4667300,41.90842593877139
2015-09-01,3665000,37.11351245957311
2015-09-02,3740100,43.13252412714645
2015-09-03,4103000,48.02816926610796
2015-09-04,4174900,44.09424695111713
2015-09-08,2851000,45.5549339408522
2015-09-09,3699200,45.05076867683994
2015-09-10,4483200,44.28172876118043
2015-09-11,3615300,43.740401475452025
2015-09-14,3579400,49.43435914028065
2015-09-15,3562000,49.942181884982006
2015-09-16,4320300,56.72819006923546
2015-09-17,4184700,56.714262748459795
2015-09-18,4381000,48.46800298118289
2015-09-21,2601200,44.79469503851759
2015-09-22,4193100,43.09851230106732
2015-09-23,3962000,38.61660194960383
2015-09-24,4331700,38.39347986890085
2015-09-25,3135300,36.228455982037296
2015-09-28,2771900,32.488009004985265
2015-09-29,2960700,33.958299747013534
2015-09-30,4831200,41.25639115974499
2015-10-01,3773200,43.11143715167462
2015-10-02,4001300,53.7600059541145
2015-10-05,3323700,56.63173221079011
2015-10-06,3370800,57.32383007330725
2015-10-07,6060700,62.822454611567416
2015-10-08,3585000,63.64815646195553
2015-10-09,4551200,64.65985297141411
2015-10-13,4221100,51.47053600122277
2015-10-14,6141700,47.985342044641385
2015-10-15,3653000,50.47937628385242
2015-10-16,3537700,50.90099392098385
2015-10-19,3133600,52.13566304166568
2015-10-20,3297000,49.77209681759552
2015-10-21,2957300,49.43939196868735
2015-10-22,3124100,54.25619426821644
2015-10-23,3592300,52.98107386552161
2015-10-26,2451400,50.1660005738657
2015-10-27,3443800,48.96723145752142
2015-10-28,4085200,46.77723143509976
2015-10-29,3082000,39.72570570810529
2015-10-30,3231400,41.77254138268167
2015-11-03,4603800,56.271442221253864
2015-11-04,3627200,53.9920012302585
2015-11-05,3189000,55.87762619362471
2015-11-06,3091100,48.68509318240174
2015-11-09,2278500,44.70734786572941
2015-11-10,2401800,44.620583317307386
2015-11-11,3071700,50.3650464413789
2015-11-12,3154200,49.241320779818835
2015-11-13,3517200,46.95375514617845
2015-11-16,3144900,49.237358349405085
2015-11-17,3341700,51.944578092502105
2015-11-18,3965500,53.20460712536561
2015-11-19,4069100,57.67380464129549
2015-11-23,3277600,57.74181254054193
2015-11-24,3445700,58.614178094442046
2015-11-25,3976000,47.457347484799
2015-11-26,2288300,49.49572823572539
2015-11-27,3031900,41.571179408092426
2015-11-30,7164800,37.72373166277186
2015-12-01,4176300,37.36271159861476
2015-12-02,4179400,36.67915918966508
2015-12-03,4421500,48.123467653055904
2015-12-04,3520900,42.365780770867204
2015-12-07,2853300,41.648198951254756
2015-12-08,3203200,37.755615217173364
2015-12-09,4446400,48.76395143393829
2015-12-10,3638300,46.24084212535047
2015-12-11,3281900,44.33495334024924
2015-12-14,2481600,41.737291308301124
2015-12-15,2558500,42.61446146446231
2015-12-16,3324300,43.66665559175977
2015-12-17,3028800,45.497690373614354
2015-12-18,4564700,38.14109906431634
2015-12-21,3452900,34.9370846809991
2015-12-22,2577000,37.09803274206923
2015-12-23,2501300,41.33365537337539
2015-12-28,1793200,39.99782501067813
2015-12-29,1675900,39.3969096578298
2015-12-30,2679200,37.71071662225531
2016-01-04,2976300,31.86888080472057
2016-01-05,2557200,34.385891006601064
2016-01-06,3935900,31.47591000876897
2016-01-07,4032300,27.32086907085072
2016-01-08,3221600,27.025062555851864
2016-01-11,3086400,24.725608223232744
2016-01-12,3383700,23.318364406504553
2016-01-13,3569600,21.588478535792266
2016-01-14,3868600,27.257307546754063
2016-01-15,4076400,24.113645054399584
2016-01-18,2161200,22.238596912139112
2016-01-19,3044900,23.455655591220648
2016-01-20,3958400,22.172546290006988
2016-01-21,3773600,22.965632795384742
2016-01-22,4197500,26.48407946868005
2016-01-26,3607000,24.439712572183126
2016-01-27,4648600,33.53468388751984
2016-01-28,4464600,35.93441218410409
2016-01-29,5475700,49.6288148935493
2016-02-01,3661700,50.677272640751994
2016-02-02,4425300,39.90936023846665
2016-02-03,4238100,46.112263465306505
2016-02-04,5388500,52.64840306755597
2016-02-05,3669000,51.39609566164095
2016-02-10,3700000,50.19417885688136
2016-02-11,3794000,44.6548732836692
2016-02-12,3327800,47.53968621943013
2016-02-15,1694300,49.19831741987264
2016-02-16,3921300,53.90661090666035
2016-02-17,5307100,57.310284915791186
2016-02-18,3534900,56.30722051544985
2016-02-19,3298700,56.65431580617015
2016-02-22,4508500,64.54906634160014
2016-02-23,3805300,59.61473086598561
2016-02-24,3522700,56.76132097108211
2016-02-25,4046700,55.469421756715406
2016-02-26,3274600,53.50553987339135
2016-02-29,4473500,59.75296788244543
2016-03-01,4610100,65.30450105690882
2016-03-02,5009600,68.05915160709208
2016-03-03,9031000,74.55045060931852
2016-03-04,10284300,78.43327195146034
2016-03-07,5720600,78.73065138367721
2016-03-08,7150500,77.69869418388741
2016-03-09,6230600,74.50701921198925
2016-03-10,7467200,76.64866704597824
2016-03-11,6002200,76.80616157262136
2016-03-14,4801100,70.9551521701836
2016-03-15,5502200,59.89862389270216
2016-03-16,5111000,62.20964740587823
2016-03-17,7245100,71.12904642609008
2016-03-18,5448400,70.56551435738709
2016-03-21,3708500,71.44410216710897
2016-03-22,3896600,70.41694387497813
2016-03-23,3638700,62.52847960910183
2016-03-24,3688400,62.3404570480118
2016-03-28,3515800,66.25161803317779
2016-03-29,4320900,67.23524762370926
2016-03-30,4730600,67.5373925488652
2016-03-31,4251900,59.97220672546199
2016-04-01,3890600,61.922637261327615
2016-04-04,3556500,52.280130985565044
2016-04-05,3546100,53.47966041767739
2016-04-06,3810000,48.85557912145722
2016-04-07,3059900,50.847789080506075
2016-04-08,5047700,58.312475650054374
2016-04-11,4050700,57.63463637696494
2016-04-12,5146900,64.08677291983389
2016-04-13,6376500,67.42554786951959
2016-04-14,5492100,63.34311223439947
2016-04-15,5047800,65.80791804707131
2016-04-18,4385600,63.91581601870053
2016-04-19,5033900,66.45352418855937
2016-04-20,4554100,65.96980689078866
2016-04-22,4259400,61.55385107525889
2016-04-25,3693200,55.74047713971776
2016-04-26,3749400,60.437526546313855
2016-04-27,4897900,65.00678266253492
2016-04-28,4413500,64.05867301101532
2016-04-29,4898400,61.71700301283377
2016-05-02,3286100,59.672500137515314
2016-05-03,3892400,52.66340331497029
2016-05-04,4263800,53.97359899042806
2016-05-05,3653100,49.52945305900428
2016-05-06,3296100,49.766815282832624
2016-05-09,4938400,46.146622362299205
2016-05-10,4079200,55.999718199987214
2016-05-11,4350000,54.41791433892025
2016-05-12,4630400,56.47508086788604
2016-05-13,4314300,49.26215113551873
2016-05-16,3529500,49.25743643012117
2016-05-17,3871100,44.80563725980776
2016-05-18,4072500,43.58663497775786
2016-05-19,3905500,41.69466368836673
2016-05-20,3254500,39.91158140764523
2016-05-23,3412800,38.22416490484027
2016-05-24,3138900,38.331334428182025
2016-05-25,3472600,39.373384314289126
2016-05-27,2711800,37.25133651407101
2016-05-30,1169200,36.82094124222065
2016-05-31,5802800,34.400362655080905
2016-06-01,3290000,39.13825862842123
2016-06-02,3525800,45.932197738449254
2016-06-03,3329400,50.8780093095448
2016-06-06,3111900,49.62904514461023
2016-06-07,2958800,50.02469085420614
2016-06-08,4206400,57.3716424351704
2016-06-09,3213200,53.57308838202856
2016-06-10,2977400,43.3210612664472
2016-06-13,2630500,44.9206509632443
2016-06-14,3885000,39.79434548766212
2016-06-15,5009800,41.68336901387192
2016-06-16,3887200,45.13425922529356
2016-06-17,4248900,45.97931797833167
2016-06-20,3487000,51.24874548853888
2016-06-21,3349200,54.32098744417399
2016-06-22,3632900,49.79315315100295
2016-06-23,3166800,57.62402304993085
2016-06-24,4139100,49.08050647794716
2016-06-27,3228500,44.852509293509655
2016-06-28,3406400,49.04068961804801
2016-06-29,3970100,53.96362200097167
2016-06-30,4377800,56.35921893919179
2016-07-01,4116100,59.417526751179714
2016-07-04,2081800,60.82461461267131
2016-07-05,3121400,56.277873745116246
2016-07-06,3277000,56.56644148154351
2016-07-07,3712200,57.140173104388005
2016-07-08,2995500,62.46133882897765
2016-07-11,3206300,65.78839418232133
2016-07-12,3878700,66.92921704685934
2016-07-13,4037100,68.246722421502
2016-07-14,4408500,71.41330716251457
2016-07-15,3684500,71.74663262126498
2016-07-18,3984500,74.71249930046844
2016-07-19,3794000,75.3701767669297
2016-07-20,3865800,74.20473433758548
2016-07-21,3486900,74.42829478359178
2016-07-22,2912000,75.72648680633833
2016-07-25,3126900,74.27540640886244
2016-07-26,3351800,73.22121833257609
2016-07-27,3795700,73.53582765903724
2016-07-28,3912600,71.14405987974834
2016-07-29,4416500,74.25213187941232
2016-08-01,4088000,67.50869513571432
2016-08-02,3857700,61.08025970303973
2016-08-03,4058600,66.38957914008074
2016-08-04,4192000,68.96569328551716
2016-08-05,3354600,69.29415230054114
2016-08-08,3153800,68.98901009547596
2016-08-09,3049900,69.29147138344467
2016-08-10,3510600,60.27550491262935
2016-08-11,3905700,68.25749422084813
2016-08-12,3811800,68.23609477573717
2016-08-15,3487200,72.21379417380642
2016-08-16,3874400,69.01966317407597
2016-08-17,4179800,71.22848095121883
2016-08-18,3608700,69.43248485050697
2016-08-19,2661700,68.64208909626943
2016-08-22,3133500,55.3047395593765
2016-08-23,3635900,56.93867032612792
2016-08-24,3221400,54.24038029110714
2016-08-25,2974200,54.27129093000025
2016-08-26,3611600,54.212135035067554
2016-08-29,2759700,61.02840802554479
2016-08-30,2729400,60.64775740900864
2016-08-31,4077700,53.701406873431246
2016-09-01,3687600,56.37587990588507
2016-09-02,3771500,65.27474846066454
2016-09-05,1824900,64.75929927982605
2016-09-06,3150500,67.8389013113538
2016-09-08,3843900,68.38325446003546
2016-09-09,3992900,49.02043256267885
2016-09-12,3529200,52.79924986242301
2016-09-13,4377800,42.56522516031224
2016-09-14,3329100,44.13759698421963
2016-09-15,2812000,49.459273395216165
2016-09-16,3710700,44.96063039838925
2016-09-19,2691100,46.66224972149463
2016-09-20,3001000,49.08571515388326
2016-09-21,3889700,53.00558507229462
2016-09-22,3365300,56.30879425658535
2016-09-23,2809900,54.275123999797124
2016-09-26,2108800,50.05978509360515
2016-09-27,2953400,52.10333163074176
2016-09-28,3233400,57.6457681942223
2016-09-29,3200300,51.07795602981895
2016-09-30,2858200,51.17333419551747
2016-10-03,2774100,57.30283905238146
2016-10-04,3894600,56.45175401173027
2016-10-05,3378900,61.11630929191851
2016-10-06,3507200,62.93848775540335
2016-10-07,4243800,65.04199082741665
2016-10-10,2936900,67.4348474133217
2016-10-11,3568000,62.14120004610072
2016-10-13,4952700,62.615751364852514
2016-10-14,3691200,65.70814829153794
2016-10-17,3340700,69.59166048943747
2016-10-18,4390300,73.38604966962023
2016-10-19,3614000,70.96255347360301
2016-10-20,3421500,72.15381790715304
2016-10-21,3662900,73.1196358389981
2016-10-24,3663900,72.63729787898139
2016-10-25,3918100,70.60994897755141
2016-10-26,4299200,70.17504392415223
2016-10-27,3587500,72.1342909797045
2016-10-28,3788500,72.40137241198555
2016-10-31,3816900,75.13196508784922
2016-11-01,4505600,58.87473996016275
2016-11-03,4124000,47.87828519768554
2016-11-04,3972500,46.96713532223355
2016-11-07,3325900,60.15194841231164
2016-11-08,3265100,60.60752163122418
2016-11-09,5630100,54.871398662899765
2016-11-10,7623700,44.50404566675486
2016-11-11,7572800,37.1016631481482
2016-11-14,5408500,39.63726391161225
2016-11-16,4582900,45.18187426556605
2016-11-17,3531300,41.49781408666441
2016-11-18,3462400,42.478394230636404
2016-11-21,3520100,47.90502247924703
2016-11-22,3987100,51.81112007272193
2016-11-23,3489700,51.95156590953335
2016-11-24,1647100,49.109622964816666
2016-11-25,2653700,49.92462962641531
2016-11-28,2752000,55.96331238985396
2016-11-29,3423900,47.13944344453915
2016-11-30,4587300,51.21481245841153
2016-12-01,5352800,42.0919060409002
2016-12-02,4344200,45.61039730129194
2016-12-05,2861200,43.89215032792415
2016-12-06,3606500,49.2365822303101
2016-12-07,3841700,50.55310859566161
2016-12-08,2936600,47.5506974144884
2016-12-09,3339800,46.83533552170388
2016-12-12,3244400,41.75407723141881
2016-12-13,3589100,42.27445540741257
2016-12-14,3857000,38.40213624436296
2016-12-15,3569400,39.43055856439297
2016-12-16,3683900,39.4036055895163
2016-12-19,3396500,34.73527108847656
2016-12-20,2673400,37.672265843041686
2016-12-21,2461900,38.079162491745315
2016-12-22,2809800,36.50709625228772
2016-12-23,2155400,41.06572660336077
2016-12-26,680200,45.30125468381144
2016-12-27,1624700,45.77440449041437
2016-12-28,1960500,52.06635699678744
2016-12-29,2119500,54.40320455809376
2017-01-02,808700,50.594815458878806
2017-01-03,3328300,60.87995516376774
2017-01-04,2840800,59.53033006550158
2017-01-05,3313000,61.499375768718764
2017-01-06,2374800,58.89979339070962
2017-01-09,2480800,59.06045148818985
2017-01-10,2623400,61.08255472287249
2017-01-11,3139800,62.531195468992905
2017-01-12,4535000,68.58010955671953
2017-01-13,2735500,66.2726597386596
2017-01-16,1763700,66.98177780074286
2017-01-17,2933800,69.03059254419227
2017-01-18,3008900,67.27699963105937
2017-01-19,2867100,65.52826683821685
2017-01-20,3416700,68.08703237954387
2017-01-23,2957000,72.77554199556067
2017-01-24,3850500,73.09103685848865
2017-01-26,3494100,74.3268766235445
2017-01-27,2583400,72.71813915283248
2017-01-30,2264300,57.844035681629805
2017-01-31,2737700,59.733734352948375
2017-02-01,3214300,60.584563063010535
2017-02-02,2959200,58.50295468322464
2017-02-03,3482700,60.6261862037073
2017-02-06,2551400,53.142094938761886
2017-02-07,2776200,54.44043050315898
2017-02-08,3138600,58.283567171288254
2017-02-09,2641700,59.044058130041265
2017-02-10,3439000,65.14923830300846
2017-02-13,3108800,68.79028041971435
2017-02-14,3370900,66.52614158912596
2017-02-15,4119600,71.52516374967293
2017-02-16,3550800,70.07950215913944
2017-02-17,2787300,69.46350588565
2017-02-20,2171300,72.55367139052929
2017-02-21,3051100,74.39831907484549
2017-02-22,3374600,69.89498184830974
2017-02-23,3977800,60.29082540577484
2017-02-24,3059900,54.575410524819176
2017-03-01,2378500,56.3971934708113
2017-03-02,3095300,49.050395167478605
2017-03-03,2654400,54.312498182826644
2017-03-06,3337500,51.570813405115935
2017-03-07,2886200,48.05438137651803
2017-03-08,3727200,42.69479805485011
2017-03-09,3513300,42.03897523412187
2017-03-10,3432900,42.680611147591364
2017-03-13,2162800,48.536432697217656
2017-03-14,2824800,43.847157489954995
2017-03-15,3742100,52.86793130554217
2017-03-16,2860400,50.30680674123774
2017-03-17,5213000,42.57670207459811
2017-03-20,3613900,46.37869954125411
2017-03-21,3700200,38.60304457517751
2017-03-22,4063300,41.599120443602814
2017-03-23,3447400,41.65579538931392
2017-03-24,2571200,43.560985643482084
2017-03-27,2672800,46.21929274077647
2017-03-28,3359100,48.14283364535515
2017-03-29,3488200,52.98632655921421
2017-03-30,2335700,51.459162790658475
2017-03-31,2614200,49.795577491220186
2017-04-03,2858500,51.16419515115515
2017-04-04,2085300,54.45126906745953
2017-04-05,2982200,48.22433538558053
2017-04-06,2875000,45.1373160973757
2017-04-07,2853100,47.56046047397401
2017-04-10,2984000,47.94191977170827
2017-04-11,3178400,46.10436942315012
2017-04-12,4253500,43.22503742737318
2017-04-13,3212900,37.48283930549549
2017-04-17,0,48.01137239411023
2017-04-18,3144800,47.01681480385573
2017-04-19,3069500,42.92525798988155
2017-04-20,2899700,45.336830348880426
2017-04-24,3194100,49.419815622798616
2017-04-25,3037200,53.90145621392026
2017-04-26,3221600,52.03066661131645
2017-04-27,3112100,50.802382295938465
2017-04-28,2973700,55.265437755767564
2017-05-02,3497000,62.00863635468674
2017-05-03,3446400,57.55984625546833
2017-05-04,3779900,49.988956859548026
2017-05-05,2760000,54.43029215669311
2017-05-08,2273300,53.32245261771064
2017-05-09,2679100,57.16013469047535
2017-05-10,3174100,61.96131570357889
2017-05-11,2872600,62.74977029348694
2017-05-12,3822600,65.54779269027259
2017-05-15,3290300,66.54483709951991
2017-05-16,3672400,67.39173029319066
2017-05-17,3317200,58.67750915663353
2017-05-18,11046700,34.047269188526975
2017-05-19,6120800,38.89067782507911
2017-05-22,5815800,36.23405807909907
2017-05-23,4753500,40.700280729351554
2017-05-24,4181200,43.27444184553176
2017-05-25,4001000,43.17268091283933
2017-05-26,3849400,47.01054650295041
2017-05-29,1646300,45.75392818939899
2017-05-30,2235300,46.70568221532471
2017-05-31,4535100,41.79110444026816
2017-06-01,3370200,40.25242426433322
2017-06-02,2874500,41.473223700788346
2017-06-05,2421700,41.22397355187355
2017-06-06,2993300,44.21311176126314
2017-06-07,2892300,45.490046326884304
2017-06-08,2702400,43.4330393889931
2017-06-09,3099900,40.82237675703851
2017-06-12,3026600,38.48650961034825
2017-06-13,2469100,39.42876744371751
2017-06-14,4328500,40.148215291842455
2017-06-16,5088000,38.58864237275642
2017-06-19,2752600,41.77092877892168
2017-06-20,3956200,35.41417689355263
2017-06-21,3274700,35.395584285945596
2017-06-22,3066900,39.73958733110817
2017-06-23,2836700,38.722455962724496
2017-06-26,2599200,47.35794272122739
2017-06-27,3275700,44.23028015965331
2017-06-28,2719100,46.761969887699195
2017-06-29,2915500,48.3876986091481
2017-06-30,2688200,53.00968174398357
2017-07-03,2086300,55.47808326505641
2017-07-04,950700,55.08446172786763
2017-07-05,3169900,54.408899444397406
2017-07-06,3038700,48.76137160114511
2017-07-07,2894200,47.60984104133458
2017-07-10,2224000,53.25658720198564
2017-07-11,2566700,58.75260318398618
2017-07-12,4116300,64.36612576141215
2017-07-13,3121700,66.0605449846216
2017-07-14,2711600,67.3228947038322
2017-07-17,2255300,65.06031452763543
2017-07-18,2213500,65.75744578970765
2017-07-19,2622700,64.03214491488691
2017-07-20,2252900,61.37594322453338
2017-07-21,2125500,58.62701249020616
2017-07-24,1908900,61.65606365940764
2017-07-25,2737400,65.38274333097223
2017-07-26,2942300,58.32186845343279
2017-07-27,2483900,60.196094684327186
2017-07-28,2760700,61.72897956421757
2017-07-31,2572700,64.55539723329328
2017-08-01,2762600,68.12712324335385
2017-08-02,3713700,71.36028095169188
2017-08-03,2722400,67.11494276200447
2017-08-04,2370900,67.8100497457523
2017-08-07,2996800,73.0859760072028
2017-08-08,3134300,72.58188669943029
2017-08-09,2488000,69.70277078163684
2017-08-10,2820800,61.836073909938314
2017-08-11,2890000,64.18865183593228
2017-08-14,2827300,69.32652680988596
2017-08-15,2753200,69.68065009367237
2017-08-16,3753400,70.91529136443006
2017-08-17,2661800,63.70330620544576
2017-08-18,3464800,67.90742841917202
2017-08-21,2643300,67.00146456796797
2017-08-22,3907500,73.54019404546189
2017-08-23,3348400,75.32710129446943
2017-08-24,3113000,77.61091561446933
2017-08-25,2411000,76.92023602973728
2017-08-28,2196400,76.21456978755752
2017-08-29,2274700,77.43856473025362
2017-08-30,2663200,71.79460701965328
2017-08-31,4245100,71.15311352870597
2017-09-01,3880900,76.06621017215791
2017-09-04,1998000,76.86948592017396
2017-09-05,4230900,76.9584276226949
2017-09-06,4242500,81.37835624912805
2017-09-08,3114100,77.16859406865984
2017-09-11,3283100,81.09120053471543
2017-09-12,3591700,81.69218638316804
2017-09-13,3212500,82.37498273255768
2017-09-14,3206100,80.67037130394255
2017-09-15,4825000,83.71730155105185
2017-09-18,3437400,84.28246159448649
2017-09-19,3026100,84.06667835794374
2017-09-20,3890900,84.14862541769759
2017-09-21,3228500,78.3616201322495
2017-09-22,2801700,75.37504858435614
2017-09-25,3376500,63.78898070718958
2017-09-26,3565400,62.43566965977073
2017-09-27,3788600,56.9574895712598
2017-09-28,3082900,54.68091781864426
2017-09-29,3126600,60.10845292501968
2017-10-02,2512000,60.57013291997097
2017-10-03,3816900,72.87787543470814
2017-10-04,3119500,71.16556558975762
2017-10-05,4112900,71.2796421710094
2017-10-06,2994300,65.46376342986309
2017-10-09,2335300,62.27575845833198
2017-10-10,3489200,68.22083216445718
2017-10-11,3781500,65.95346672574034
2017-10-13,3200100,67.56970606030603
2017-10-16,3075600,66.55920283090984
2017-10-17,2771100,59.7715889056304
2017-10-18,3156800,62.11957289017731
2017-10-19,2509800,59.18178070008119
2017-10-20,2645300,59.897951955931504
2017-10-23,2631800,51.14652716496727
2017-10-24,3047500,57.546340967412725
2017-10-25,2953800,59.50355758426803
2017-10-26,2901100,53.13441431604096
2017-10-27,3434400,53.68551116658593
2017-10-30,3811600,45.260095034518514
2017-10-31,3545700,42.27113157653029
2017-11-01,3668100,39.50708668903569
2017-11-03,4386900,40.29753629104057
2017-11-06,3297400,43.74252944511557
2017-11-07,4888900,33.712274091142966
2017-11-08,3408800,47.12689033785168
2017-11-09,3303800,40.6193502260413
2017-11-10,3140100,37.62994522577578
2017-11-13,2783400,39.5646925219956
2017-11-14,4352600,33.581515810532245
2017-11-16,3340900,43.06243240415716
2017-11-17,2749700,47.49343010811234
2017-11-21,3539600,52.47925857659047
2017-11-22,3410600,52.12939711702008
2017-11-23,1556800,51.972288024931366
2017-11-24,2510300,50.2890681526154
2017-11-27,2810800,49.773525930111745
2017-11-28,3030700,50.2276996397751
2017-11-29,3639400,42.81542190106008
2017-11-30,5348800,39.627179880738325
2017-12-01,3003100,41.51230565021538
2017-12-04,3038600,46.57669119375053
2017-12-05,2913300,43.88174742292508
2017-12-06,3099300,48.16822118813783
2017-12-07,3260800,44.23240253608253
2017-12-08,3085600,45.73046628577284
2017-12-11,2450200,46.16273999294108
2017-12-12,2956100,52.268273258511876
2017-12-13,4494700,47.15650134869547
2017-12-14,3491800,44.62380112829106
2017-12-15,4659500,45.78121313603793
2017-12-18,3202900,49.03068830468186
2017-12-19,2351600,46.45798459279752
2017-12-20,2219600,50.84474485993198
2017-12-21,3056400,59.932559029066724
2017-12-22,1906900,60.175014980108266
2017-12-26,1579700,62.445565249448784
2017-12-27,1792200,64.13764933261713
2017-12-28,2083000,65.56547334021231
2017-12-29,0,65.56547334021231
2018-01-02,2880300,71.51769647943287
2018-01-03,3142200,71.88326874573306
2018-01-04,3486100,74.12544600355123
2018-01-05,2747100,75.49405536305822
2018-01-08,2550800,76.46778628197521
2018-01-09,3458600,71.36185638909629
2018-01-10,2759900,65.31537478793372
2018-01-11,3409400,70.10459848279778
2018-01-12,3577800,69.96159733651069
2018-01-15,1941000,71.53649087236748
2018-01-16,2982500,71.85198534751206
2018-01-17,3341200,76.59165951841264
2018-01-18,3429600,74.34636290748956
2018-01-19,3123200,75.23542577999184
2018-01-22,2693000,76.77035733231104
2018-01-23,3711200,66.97462550776939
2018-01-24,5503700,76.6399636458891
2018-01-26,5410600,80.44095851455737
2018-01-29,3889600,74.56119454947749
2018-01-30,3566000,73.069727792289
2018-01-31,4233500,74.17959733564567
2018-02-01,4085300,75.63957575352529
2018-02-02,3376900,65.65205180054276
2018-02-05,3253600,54.11481737496358
2018-02-06,5599100,60.99822319537248
2018-02-07,3886000,55.98439847540264
2018-02-08,4011400,51.03766318466477
2018-02-09,4283400,48.65878764694796
2018-02-14,3910700,57.5458455665377
2018-02-15,3489300,59.67259812735324
2018-02-16,3475800,60.34190844975886
2018-02-19,2088900,61.13744879073623
2018-02-20,4078100,64.06590137450891
2018-02-21,4815500,64.76725742589126
2018-02-22,3535700,66.56393133806881
2018-02-23,4178600,68.23412835792439
2018-02-26,4047100,69.21626584734054
2018-02-27,3534700,64.90600998389887
2018-02-28,5947100,57.14532212190557
2018-03-01,4341300,56.62877496872488
2018-03-02,3884300,58.1438522139072
2018-03-05,3425200,59.193985599641486
2018-03-06,3608600,57.01835571741461
2018-03-07,3456800,56.005820217787964
2018-03-08,3694700,53.01237473468282
2018-03-09,3481500,59.489125402604714
2018-03-12,2602900,61.66126904013299
2018-03-13,2735800,58.3734278562137
2018-03-14,2561000,56.287545091152566
2018-03-15,3840100,49.821856137335004
2018-03-16,5446200,49.59241463790165
2018-03-19,3330600,44.48169950961144
2018-03-20,2682000,46.02691559905423
2018-03-21,3260900,50.80321245295284
2018-03-22,3241700,49.58833076248531
2018-03-23,3176900,47.30902812590782
2018-03-26,2355600,51.660187507822855
2018-03-27,2948400,44.53077012283052
2018-03-28,2911400,44.95261560275165
2018-03-29,3150300,53.55217527384741
2018-04-02,2598500,49.63442774291087
2018-04-03,2579000,49.395371174357564
2018-04-04,2948300,47.876530194572425
2018-04-05,4257700,52.91560607504798
2018-04-06,3069100,50.50311290618692
2018-04-09,3174800,42.422605067964206
2018-04-10,3518700,49.36040981229351
2018-04-11,3370600,53.085001253395035
2018-04-12,2837000,54.06384894532461
2018-04-13,3504200,48.015617492549225
2018-04-16,2913400,41.401038713897634
2018-04-17,2628600,47.83603843293615
2018-04-18,4196900,55.15808861032245
2018-04-19,3522500,55.34978982210633
2018-04-20,2990100,53.93241530305368
2018-04-23,2426000,54.17226243326675
2018-04-24,2845000,53.40637461502327
2018-04-25,3218400,50.928545053455935
2018-04-26,3138000,57.60265456039122
2018-04-27,0,57.88825797557748
2018-04-30,2181000,55.73612817734935
2018-05-02,3720600,46.827759862156086
2018-05-03,3977800,41.14173992762743
2018-05-04,3472900,40.42791095578548
2018-05-07,2843000,38.7090484485182
2018-05-08,3949500,40.34520142237141
2018-05-09,4695400,48.37327080701877
2018-05-10,4611100,56.125943479383054
2018-05-11,4379700,52.702835164741224
2018-05-14,4080700,52.76092047497958
2018-05-15,4405100,52.17438784697177
2018-05-16,3707000,58.95298736911621
2018-05-17,5508600,44.7891382751648
2018-05-18,5730200,42.74054648206723
2018-05-21,4242200,38.31269575900508
2018-05-22,4785500,42.954178882511115
2018-05-23,3875500,36.89699763892081
2018-05-24,6182200,34.794156011663816
2018-05-25,4650100,31.606964539035587
2018-05-28,4176200,24.58795188518974
2018-05-29,5972300,28.065549393857193
2018-05-30,7442100,31.314618371050795
2018-06-01,6044400,33.615658691400455
2018-06-04,4023100,39.686927600783015
2018-06-05,4499800,34.75436376544691
2018-06-06,4871700,33.54791147769014
2018-06-07,7919200,28.886836605043136
2018-06-08,5952400,27.25117135725154
2018-06-11,3564300,26.13943773260682
2018-06-12,3889600,28.35375221997355
2018-06-13,4360200,27.113311106072175
2018-06-14,4281600,25.766794748630158
2018-06-15,6456800,24.526173905132655
2018-06-18,3475200,22.841607311313332
2018-06-19,5185300,31.344885668838668
2018-06-20,4414600,34.911355330385504
2018-06-21,3490800,30.169758910158105
2018-06-22,3054700,32.88283901740556
2018-06-25,3346300,34.39595609329031
2018-06-26,3502300,36.62503385472896
2018-06-27,3588900,34.407803219249956
2018-06-28,3511400,40.08995292400579
2018-06-29,3879400,44.54010640674588
2018-07-02,2753900,44.880979631573375
2018-07-03,3253800,48.54348698149879
2018-07-04,2142100,52.91767757760315
2018-07-05,3562800,52.07508590040515
2018-07-06,0,53.97341886043656
2018-07-10,3901000,53.237952875840186
2018-07-11,3766800,50.90119044759296
2018-07-12,3508500,57.2589187251418
2018-07-13,0,60.07871059325044
2018-07-16,3134700,60.304184665525916
2018-07-17,3882900,65.54980548254002
2018-07-18,3394300,61.03895135155493
2018-07-19,3781100,61.50022282440537
2018-07-20,4745200,65.36107077162828
2018-07-23,2446800,61.81967514602209
2018-07-24,3283200,65.83761760079202
2018-07-25,3472700,69.0542378285204
2018-07-26,3596500,64.08436061580025
2018-07-27,3015600,65.5963705594435
2018-07-30,2631400,66.92981605972881
2018-07-31,3354500,60.43287388508324
2018-08-01,3227100,60.75147502649199
2018-08-02,3005500,62.094340522221955
2018-08-03,3802600,68.35287923771538
2018-08-06,2516600,65.85215891126542
2018-08-07,3861200,61.415915577079794
2018-08-08,3833800,54.68197245861715
2018-08-09,3717400,52.68299910202271
2018-08-10,0,42.793986138472654
2018-08-13,3958200,47.42429361938871
2018-08-14,3713000,52.12442965773161
2018-08-15,4386400,46.01948676207716
2018-08-16,3285400,45.053723980738916
2018-08-17,3742300,42.1482295901097
2018-08-20,3578100,43.629950946248165
2018-08-21,4077000,39.45190468170644
2018-08-22,3610400,47.56336869729007
2018-08-23,3866700,42.99570021275564
2018-08-24,3159900,45.77324250055624
2018-08-27,2750600,52.406432134061866
2018-08-28,2964800,50.580856652089246
2018-08-29,3127600,54.036968750474216
2018-08-30,3546800,46.45510802347278
2018-08-31,4145600,47.54909596916015
2018-09-03,1673300,45.766637756236726
2018-09-04,3162300,40.743928933368764
2018-09-05,2830400,42.48798639097805
2018-09-06,3298500,48.20779395523898
2018-09-10,3105200,48.29145280215344
2018-09-11,0,41.82051175493763
2018-09-12,3709100,43.94835732452822
2018-09-13,3062100,42.38591251087932
2018-09-14,3231700,45.89514965917952
2018-09-17,3397600,51.70190726934495
2018-09-18,4167000,57.243281524205806
2018-09-19,3780800,56.578586486173286
2018-09-20,3137600,56.32115479116363
2018-09-21,4666800,61.097486438156224
2018-09-24,0,54.094034329562426
2018-09-25,3700400,56.47156546737043
2018-09-26,3735300,56.56906035091873
2018-09-27,4475000,61.38395877965248
2018-09-28,4061400,57.99408953038153
2018-10-01,3134400,54.45991305735758
2018-10-02,5929900,64.22939641571294
2018-10-03,7618600,68.30043125176452
2018-10-04,4935600,66.7248840904699
2018-10-05,5394800,63.6089363891712
2018-10-08,9999000,72.00323328502863
2018-10-09,6461000,72.01062607969911
2018-10-10,0,61.481202211279715
2018-10-11,5188700,58.57874915110885
2018-10-15,4782900,59.763489451625375
2018-10-16,4811300,65.47552610145163
2018-10-17,4858600,65.57818654495837
2018-10-18,4085300,57.85704867056233
2018-10-19,3753500,58.87173930251802
2018-10-22,3873700,62.46474470411134
2018-10-23,4388100,61.22241974822017
2018-10-24,4679200,52.72112721697877
2018-10-25,0,55.74035222022885
2018-10-26,6471500,60.13740559544581
2018-10-29,7733900,53.4194948540401
2018-10-30,6556900,60.963234251857045
2018-10-31,5889800,62.11406007949664
2018-11-01,5878400,64.21522230069195
2018-11-05,4620800,66.58037150351794
2018-11-06,0,63.04451894732267
2018-11-07,4371300,59.543803229789496
2018-11-08,5297700,52.6414758392159
2018-11-09,4814400,52.70069211232411
2018-11-12,3534000,52.311589447995935
2018-11-13,4410700,50.20880072989248
2018-11-14,5591600,53.68391431558348
2018-11-16,5184200,60.762990505474235
2018-11-19,3642100,58.43956259116149
2018-11-21,4140600,56.06325968720076
2018-11-22,2244500,56.68748189532599
2018-11-23,4148700,51.924574570898564
2018-11-26,4557300,49.47274699929969
2018-11-27,4971300,56.98041090610373
2018-11-28,5295600,60.63512952641762
2018-11-29,4257400,61.814221801908865
2018-11-30,6736700,60.93210845739879
2018-12-03,5935600,61.83189831221275
2018-12-04,4879700,56.52556181773639
2018-12-05,2790000,57.87957165653186
2018-12-06,4370100,56.988185765450595
2018-12-07,4479100,53.636224599807406
2018-12-10,4084400,45.048394365442775
2018-12-11,4390100,47.140583745847266
2018-12-12,5000500,49.42766761504206
2018-12-13,3658600,52.82548337638387
2018-12-14,3553300,51.15743418271486
2018-12-17,3849300,46.84637829667902
2018-12-18,4093500,47.793946420106515
2018-12-19,5664200,44.02661270795586
2018-12-20,6100500,42.46679258637131
2018-12-21,6076200,44.69668464932371
2018-12-26,3355100,42.378162986092214
2018-12-27,3820900,44.179103976782365
2018-12-28,3649100,55.419193159334526
2019-01-02,5615400,65.14985660358865
2019-01-03,6066200,66.53918459905958
2019-01-04,5322100,67.24486011710475
2019-01-07,4565000,66.47094444942717
2019-01-08,4496500,67.41795211518598
2019-01-09,5011400,71.5294523146233
2019-01-10,4840600,71.99405560657009
2019-01-11,5330500,71.03673253021701
2019-01-14,4486900,73.15616496631175
2019-01-15,4836400,70.31754955708934
2019-01-16,4257400,71.28494401539915
2019-01-17,4944200,73.89007606606698
2019-01-18,4884000,75.73610535808093
2019-01-21,2717600,75.06951093426586
2019-01-22,4256000,68.31848674494474
2019-01-23,0,72.57872689835337
2019-01-24,5019400,75.32666984005331
2019-01-28,7185300,61.97893612872638
2019-01-29,5262000,62.602148393510134
2019-01-30,6164400,66.69353221863325
2019-01-31,5976000,67.80599746292015
2019-02-01,4301600,69.10975755458337
2019-02-04,4278300,71.076183046773
2019-02-05,4773700,69.2629433361506
2019-02-06,5458200,50.80962901277051
2019-02-07,5612500,49.91334573388136
2019-02-08,5302500,53.511203665489795
2019-02-11,3767300,49.69556156740362
2019-02-12,4915000,56.06258271243798
2019-02-13,5814400,54.67815898787328
2019-02-14,5222300,61.502427240952095
2019-02-15,4586300,59.33717147641564
2019-02-18,2837100,55.00423234905853
2019-02-19,4830600,58.679059756945506
2019-02-20,5906800,54.0684433333838
2019-02-21,5814100,55.38008452607065
2019-02-22,4426600,58.52434979938877
2019-02-25,4360000,55.66390899919635
2019-02-26,3555100,56.93756954218192
2019-02-27,3873500,55.53654758121329
2019-02-28,5365700,48.11484777440508
2019-03-01,4054700,44.4743590900286
2019-03-06,2715300,43.0879049154132
2019-03-07,4104300,43.68876000198277
2019-03-08,4054200,48.56235753037606
2019-03-11,4251500,58.58683719943399
2019-03-12,3832900,57.681835152246165
2019-03-13,4812100,61.17415714573671
2019-03-14,3584500,59.69979592312675
2019-03-15,5136400,61.47873695087106
2019-03-18,4204100,64.21881479402803
2019-03-19,5231100,61.9698996431738
2019-03-20,4633200,54.18365500067013
2019-03-21,5321200,48.60584225863933
2019-03-22,6001100,38.79197520184501
2019-03-25,4508400,38.587400012397346
2019-03-26,4660700,45.555193246969026
2019-03-27,5726900,36.361535746143424
2019-03-28,5192300,45.078912425449495
2019-03-29,4674600,48.2307847943922
2019-04-01,3753500,50.14961349115909
2019-04-02,3713200,48.14369313830079
2019-04-03,4308900,45.510260148069726
2019-04-04,4086200,51.3391710737799
2019-04-05,3689000,53.66809999449521
2019-04-08,3430800,54.439052353944874
2019-04-09,3733400,50.69073865140062
2019-04-10,4574600,49.534618750625356
2019-04-11,3530500,45.57844325919806
2019-04-12,6712200,40.15811314672872
2019-04-15,4629800,40.99419948125591
2019-04-16,4581600,45.88722017522326
2019-04-17,6458600,42.690877176099775
2019-04-18,4933300,47.54561062128134
2019-04-22,3176600,47.58259372147799
2019-04-23,4309100,52.406865195955
2019-04-24,4658800,49.199732797451105
2019-04-25,4878200,54.3621948916216
2019-04-26,3767100,53.14266425101898
2019-04-29,3225400,52.94835786830681
2019-04-30,4228600,53.57671564763285
2019-05-02,3863600,49.98249426497425
2019-05-03,4014800,52.000121121833075
2019-05-06,3216000,47.68849248555942
2019-05-07,4907400,45.18447630867625
2019-05-08,4916500,50.62443433357381
2019-05-09,4152200,47.32117796941742
2019-05-10,4097900,45.11144786368441
2019-05-13,4662600,36.63372991102917
2019-05-14,4045400,38.43070389226016
2019-05-15,4791900,36.97956139035387
2019-05-16,5570000,32.47692451812207
2019-05-17,5342700,32.39457229425069
2019-05-20,4620000,42.31808321715266
2019-05-21,5397000,52.15136493976667
2019-05-22,4232500,51.6879270045555
2019-05-23,3787800,49.94934477340043
2019-05-24,3484700,48.84306174016715
2019-05-27,2544800,53.68492856685655
2019-05-28,6383100,58.87091145516009
2019-05-29,4559100,59.42766778133254
2019-05-30,4398200,62.24305638458889
2019-05-31,5089500,60.08867036987506
2019-06-03,4547900,60.03626170917086
2019-06-04,4293300,61.34339932477552
2019-06-05,3769100,54.04116492316133
2019-06-06,4054900,58.668274459046934
2019-06-07,3718500,60.83714296972528
2019-06-10,3584000,58.92356597304222
2019-06-11,4922400,64.05828988706111
2019-06-12,4948800,60.56851796497767
2019-06-13,5594000,62.14304252067724
2019-06-14,9184900,58.095151884084785
2019-06-17,3926300,55.86862018798381
2019-06-18,4524500,62.48222981985842
2019-06-19,4411300,65.30838511929186
2019-06-21,5490800,69.94588628303435
2019-06-24,3559800,70.06935593682489
2019-06-25,4469200,59.492577443325864
2019-06-26,5013800,61.39227607364265
2019-06-27,4154700,61.506444127615865
2019-06-28,4079900,62.33913462223666
2019-07-01,411600,63.63934756487569
2019-07-02,4951600,59.2951781038071
2019-07-03,4801200,64.4134479760703
2019-07-04,3978700,69.05542900996628
2019-07-05,4208400,70.24408943769835
2019-07-08,3500300,71.396016364656
2019-07-10,6815700,74.49870733557695
2019-07-11,4845300,70.221959895925
2019-07-12,4748000,63.02183902220476
2019-07-15,3995500,62.44905233418727
2019-07-16,4475800,62.283330716775644
2019-07-17,3818300,62.59258991284769
2019-07-18,4410900,65.80245672602196
2019-07-19,3484400,57.93646600129028
2019-07-22,3464400,59.961532613037974
2019-07-23,4050300,58.467223633087215
2019-07-24,4872700,60.27738559928697
2019-07-25,5804700,51.727218957261314
2019-07-26,5141400,52.538832886837874
2019-07-29,3559900,55.78051042927219
2019-07-30,4060500,52.57713660509261
2019-07-31,5072900,46.691534576365875
2019-08-01,7129100,48.43284365476807
2019-08-02,4923500,51.41556339302312
2019-08-05,5000400,39.77032489178405
2019-08-06,5074800,49.62491798776088
2019-08-07,5570600,52.147115753378515
2019-08-08,5538300,57.132697933397935
2019-08-09,4549300,56.56611226290254
2019-08-12,4509700,47.66420596738624
2019-08-13,5198900,52.96560991710143
2019-08-14,6485200,42.72474623932406
2019-08-15,6585300,39.47827164221523
2019-08-16,5483400,42.41694111908697
2019-08-19,4924000,41.44192431665231
2019-08-20,5235200,40.70341607102026
2019-08-21,5969700,48.609338735345034
2019-08-22,4495500,44.74480779418386
2019-08-23,5668800,38.29242053856964
2019-08-26,4136800,35.39188465030321
2019-08-27,6581700,38.80586167570673
2019-08-28,4350800,42.36478352776021
2019-08-29,5163300,50.270176587964585
2019-08-30,6109600,52.124637103881845
2019-09-02,2685400,50.43725525132595
2019-09-03,0,47.37117713183549
2019-09-04,4310700,52.38503170967667
2019-09-05,4814300,55.513859232468285
2019-09-06,3976000,57.510688249525835
2019-09-09,5516800,58.22849894513071
2019-09-10,5478900,57.59383753771523
2019-09-11,4877000,58.93319400296444
2019-09-12,4962500,61.83369734653819
2019-09-13,4039400,57.70548753492716
2019-09-16,6038700,58.322028000551676
2019-09-17,4574900,61.4869076327896
2019-09-18,3882100,61.034127484305934
2019-09-19,4915800,59.95455946951543
2019-09-20,6769100,61.7586794658671
2019-09-23,6769100,60.656631615742405
2019-09-24,3972200,56.06974841445284
2019-09-25,4117500,58.73769980858366
2019-09-26,4138700,62.16521089036788
2019-09-27,3471200,60.60602134162046
2019-09-30,3895800,58.42547350395246
2019-10-01,4095700,54.071694613260554
2019-10-02,5066200,40.03949464804319
2019-10-03,4665600,42.61343215107216
2019-10-04,4649400,47.766492165759914
2019-10-07,3938300,40.31573872716347
2019-10-08,4342700,38.385867608687796
2019-10-09,3939000,44.512617519367545
2019-10-10,4373100,47.05247442880644
2019-10-11,4351800,54.93346144841904
2019-10-14,2987900,56.5577195772497
2019-10-15,4093400,57.22187130088317
2019-10-16,4509400,60.45315444464367
2019-10-17,4189000,58.38146031629
2019-10-18,4478100,56.90066118258482
2019-10-21,3504900,61.623352325254075
2019-10-22,5224900,65.85796727164967
2019-10-23,4656200,66.33774809751564
2019-10-24,5619200,63.07029291592511
2019-10-25,5398900,64.35125263378683
2019-10-28,3967200,67.03250833860473
2019-10-29,4313200,63.113039100559455
2019-10-30,5450600,66.00352341572867
2019-10-31,5376000,59.05466473882138
2019-11-01,5466300,62.54358194451147
2019-11-04,5182200,63.91753629741852
2019-11-05,5657600,62.9958588074409
2019-11-06,5505500,62.25468129709593
2019-11-07,6075600,66.80774000451302
2019-11-08,5419600,55.50319077738407
2019-11-11,3928900,57.81114249703821
2019-11-12,5219300,50.876301794931464
2019-11-13,5339000,47.16511641293381
2019-11-14,5364300,50.061210243793596
2019-11-18,4919800,49.11433417654008
2019-11-19,3610300,45.870782226216726
2019-11-21,5819400,54.25626636190628
2019-11-22,4796100,58.644186980443095
2019-11-25,4512400,57.31631267194876
2019-11-26,6904900,50.98418035901135
2019-11-27,4418200,53.60844367171048
2019-11-28,3666100,55.88920078237746
2019-11-29,4186600,55.600891645587325
2019-12-02,4708000,58.91632255403919
2019-12-03,5223100,58.32156692276082
2019-12-04,4889500,63.41616399567916
2019-12-05,4399100,64.53051192533002
2019-12-06,4968100,66.26785548493356
2019-12-09,4991500,65.25031011229903
2019-12-10,4758800,63.113949894409714
2019-12-11,5146100,64.3184405212741
2019-12-12,5682000,68.94161648901397
2019-12-13,7712100,70.17074714160401
2019-12-16,6078300,65.08648476755454
2019-12-17,5352500,67.79129142974234
2019-12-18,7940900,73.08930564685247
2019-12-19,5784600,75.19931753729132
2019-12-20,6887400,75.12158206361323
2019-12-23,3995200,77.01980674246045
2019-12-26,3788900,79.98924266412428
2019-12-27,3905900,74.79302446614304
2019-12-30,3667900,70.58570058459061
2020-01-02,5162700,76.9712598053272
2020-01-03,6834500,71.42832950295403
2020-01-06,6570000,66.49202751387578
2020-01-07,4854100,65.22716410706984
2020-01-08,5910500,62.75705773738013
2020-01-09,5953500,60.95988774484523
2020-01-10,4783400,58.29895584738588
2020-01-13,5685100,65.04239388754898
2020-01-14,5361700,66.03892431995979
2020-01-15,5569400,58.86878565391077
2020-01-16,5422700,59.98284709683368
2020-01-17,4947200,66.04209595734942
2020-01-20,3843500,67.19983562954639
2020-01-21,5085600,57.1646831608805
2020-01-22,5765700,61.73928691799285
2020-01-23,6572400,65.08420812177492
2020-01-24,4778700,59.41639136372929
2020-01-27,6097800,45.11472501737971
2020-01-28,5229400,51.55489163081216
2020-01-29,5097800,48.21704922258352
2020-01-30,6315600,48.68472620856982
2020-01-31,6219900,43.461389664084685
2020-02-03,5512200,46.49802704113861
2020-02-04,5829400,49.61384419027832
2020-02-05,7173800,51.16824187544901
2020-02-06,7382400,48.312504521364566
2020-02-07,6594100,43.84684949966145
2020-02-10,7486300,40.444617422270674
2020-02-11,6767900,50.16487248662712
2020-02-12,8159200,53.93169266382185
2020-02-13,5635700,50.72482768549877
2020-02-14,5335900,46.9215156591689
2020-02-17,0,49.85480070290181
2020-02-18,5548400,48.815436575813564
2020-02-19,6334100,53.64599400699771
2020-02-20,6793000,47.58285023959952
2020-02-21,5896200,45.01626233649512
2020-02-26,9369800,29.790099647090827
2020-02-27,11237700,26.478614798019084
2020-02-28,11228400,30.113945726906305
2020-03-02,8858400,37.03676644972794
2020-03-03,9385600,35.3635046620652
2020-03-04,8410500,39.89762783826649
2020-03-05,8598600,32.60948844574407
2020-03-06,11864200,27.943870062297588
2020-03-09,14645500,19.487411039068142
2020-03-10,13531700,31.06342748636314
2020-03-11,11786900,26.382879559067796
2020-03-12,12008700,20.45149467632634
2020-03-13,15766300,33.38559777819625
2020-03-16,12847800,27.829569296280386
2020-03-17,14945900,31.507880471673012
2020-03-18,16751500,28.059675313564973
2020-03-19,16144700,29.603634443522026
2020-03-20,15152400,29.014240220717554
2020-03-23,11962200,27.387428212816474
2020-03-24,11679900,34.363668221724254
2020-03-25,12951100,39.66186917454072
2020-03-26,12758000,42.30441673309367
2020-03-27,10301400,39.4147006963228
2020-03-30,9032200,40.64972579872803
2020-03-31,11141500,39.49001064312619
2020-04-01,10093500,38.010048015181944
2020-04-02,10540200,39.538593774113465
2020-04-03,10411300,37.43964236511822
2020-04-06,9685400,42.892984783097646
2020-04-07,11286500,45.47212931731026
2020-04-08,10206300,47.982212390163525
2020-04-09,10748700,47.012751962824304
2020-04-13,7651300,48.387069644191264
2020-04-14,8593600,49.7042734918477
2020-04-15,9758400,48.36876564313364
2020-04-16,9028400,47.09137592070216
2020-04-17,8317800,48.77556700075266
2020-04-20,8874700,48.75144903143751
2020-04-22,9848900,51.36273329693375
2020-04-23,10823500,49.747786771432544
2020-04-24,16529200,43.44812026885469
2020-04-27,10656900,48.180966251882374
2020-04-28,12939000,52.68713466114032
2020-04-29,11719700,55.22382034173995
2020-04-30,11804600,51.00220314128414
2020-05-04,8594200,48.55719093213081
2020-05-05,9154700,49.5087209908873
2020-05-06,9775900,48.84319650016407
2020-05-07,13808900,47.2548303405923
2020-05-08,10734400,51.13724694769726
2020-05-11,9781900,48.96828918877055
2020-05-12,10245400,46.83780369384758
2020-05-13,11575900,46.654571368176704
2020-05-14,13818900,49.3010044496817
2020-05-15,11718200,46.39237688761681
2020-05-18,11533100,53.74371905716694
2020-05-19,10740100,52.77510885122398
2020-05-20,9522800,53.91689589650106
2020-05-21,11395200,57.21456329913421
2020-05-22,9281200,55.09177549878822
2020-05-25,8764400,61.395411944020985
2020-05-26,12030800,60.88381479543189
2020-05-27,11212000,64.90493627021274
2020-05-28,10117000,62.136153404565256
2020-05-29,16550900,62.91202468089495
2020-06-01,9849400,64.98339787833835
2020-06-02,11827300,68.73231513427967
2020-06-03,15137900,71.39173053042931
2020-06-04,11488000,72.45833165954872
2020-06-05,13320300,73.49796502389957
2020-06-08,11096500,76.9814858086727
2020-06-09,11278800,73.86020473749633
2020-06-10,11739600,67.13251653785609
2020-06-12,12785600,61.58933521287966
2020-06-15,13317500,60.399285412950576
2020-06-16,12034200,62.547572115884456
2020-06-17,11134700,66.01327814448781
2020-06-18,10008500,66.95735752138253
2020-06-19,13134400,67.70450367460958
2020-06-22,8264700,63.43336036939176
2020-06-23,9752700,64.67411721145059
2020-06-24,9962700,59.258900784379975
2020-06-25,8697900,62.64419813759038
2020-06-26,8439100,55.945301786644386
2020-06-29,8906800,60.01829851031331
2020-06-30,10144500,57.95718708793278
2020-07-01,10163300,60.42930829260372
2020-07-02,10062900,60.499092365505234
2020-07-03,5351600,61.703711969884765
2020-07-06,9489400,66.24657215720488
2020-07-07,8951400,61.96086634674997
2020-07-08,9142700,66.00671288356672
2020-07-09,0,63.78824066765111
2020-07-10,9147200,65.5697082526886
2020-07-13,10382300,60.65032251266842
2020-07-14,10019400,64.40519387505991
2020-07-15,9285600,67.03122204646372
2020-07-16,8127100,62.48219024537149
2020-07-17,10429400,67.02732663298431
2020-07-20,8931800,69.63656899728745
2020-07-21,11105800,69.19183386403853
2020-07-22,10833700,69.10988160815229
2020-07-23,10366600,61.302314976462135
2020-07-24,9795200,61.51100837359967
2020-07-27,9622400,66.14002799771622
2020-07-28,9087100,64.66874771580753
2020-07-29,9238300,67.80419028489226
2020-07-30,9591700,65.31724060340436
2020-07-31,12929300,57.34721607057772
2020-08-03,10901000,57.054046839057634
2020-08-04,12029800,51.47596470686175
2020-08-05,10922100,56.025658144533786
2020-08-06,9686600,59.4442492282097
2020-08-07,10337100,54.76891749453012
2020-08-10,8259500,56.588351229346415
2020-08-11,9360900,52.282421875969156
2020-08-12,10114200,52.09418785438928
2020-08-13,10721300,46.73273172523868
2020-08-14,8576300,49.731979189872376
2020-08-17,10816200,44.42313718872679
2020-08-18,9418700,52.151617181899844
2020-08-19,10025800,48.58440593328451
2020-08-20,9405000,50.43555013159976
2020-08-21,9100200,50.60088207403768
2020-08-24,7723000,53.072296688523465
2020-08-25,8170900,52.4180471527651
2020-08-26,9861200,47.22483772195711
2020-08-27,7360600,47.21470186328828
2020-08-28,7665700,52.7451196700491
2020-08-31,12226100,43.73367702397386
2020-09-01,9384700,52.54387109340174
2020-09-02,7557900,51.74274420814683
2020-09-03,12611000,48.08676807915566
2020-09-04,11327400,49.76045803524995
2020-09-08,8479000,46.098550077993046
2020-09-09,7955600,50.21000174854977
2020-09-10,8894600,43.19126560797451
2020-09-11,9107900,41.97730455598906
2020-09-14,8182100,48.31464319651097
2020-09-15,9216700,48.38767080936985
2020-09-16,7139400,46.4752284641498
2020-09-17,0,47.97751063683493
2020-09-18,11370300,42.47679616609766
2020-09-21,9738000,39.01568142762294
2020-09-22,7281300,40.23889150294302
2020-09-23,8830700,36.21405535098623
2020-09-24,9331000,41.385771882260386
2020-09-25,7351100,41.34901725257771
2020-09-28,10508900,35.29158905095034
2020-09-29,8737200,32.877146015775956
2020-09-30,9454300,37.23332170959443
2020-10-01,9243500,40.77764865065018
2020-10-02,8584900,37.0180375351104
2020-10-05,8616000,44.7860391579817
2020-10-06,11299600,43.46594187637982
2020-10-07,9829900,43.208411813964815
2020-10-08,11163600,51.52778370364726
2020-10-09,10810500,50.085468313601666
2020-10-13,7867500,53.3665690303968
2020-10-14,8891000,55.90943660902346
2020-10-15,8335200,54.82465093359027
2020-10-16,7840200,51.93716428708748
2020-10-19,9929400,53.181159197526505
2020-10-20,8796000,59.29893872624524
2020-10-21,8661100,59.335425520494034
2020-10-22,9556900,63.36183404032688
2020-10-23,7561100,60.266297106124526
2020-10-26,8070400,59.11764000335895
2020-10-27,8672300,52.822048283467026
2020-10-28,11051600,39.29106398555603
2020-10-29,12704400,43.73473160966496
2020-10-30,10643200,37.35104781964531
2020-11-03,10191800,42.92820781191388
2020-11-04,10704600,49.51217506500644
2020-11-05,10455300,56.6821069261252
2020-11-06,8382800,56.737931920002815
2020-11-09,17410500,63.11441632908762
2020-11-10,16665200,65.63345513708468
2020-11-11,10841000,62.99474188563995
2020-11-12,10860300,56.015110429141025
2020-11-13,9772100,60.66833809037395
2020-11-16,11724300,64.03149943374885
2020-11-17,10311000,65.36030761011482
2020-11-18,10337300,63.01936528227139
2020-11-19,8555700,63.084260541571226
2020-11-23,9686000,64.77212693480224
2020-11-24,11934800,69.03024562449981
2020-11-25,8564700,69.60071556939242
2020-11-26,6166800,69.76320079798228
2020-11-27,8790300,70.39410695319827
2020-11-30,19300000,63.47927789372062
2020-12-01,11324800,68.33766052851146
2020-12-02,9814300,69.20137445621735
2020-12-03,11474200,71.15612766429261
2020-12-04,8892900,72.45609675546618
2020-12-07,9633900,72.19432816046269
2020-12-08,8810900,71.92920269669162
2020-12-09,8431100,67.7185024916106
2020-12-10,11803600,72.37495262967813
2020-12-11,8372300,72.98682898590376
2020-12-14,8190900,71.20122944078447
2020-12-15,8195100,73.54646078550506
2020-12-16,9808100,76.69048881720798
2020-12-17,7701400,77.03325062250997
2020-12-18,8636000,74.35314515532984
2020-12-21,10347100,65.77866584335531
2020-12-22,6947900,66.60660701408729
2020-12-23,6483300,70.14244693193237
2020-12-28,7171700,72.61342838147651
2020-12-29,6769700,73.45359833596817
2020-12-30,8235700,72.49889943371738
2021-01-04,8741400,68.26949134924286
2021-01-05,9257100,69.9480098992821
2021-01-06,11638200,71.48222894938226
2021-01-07,11774800,75.91985214461393
2021-01-08,11085800,80.7121607278448
2021-01-11,9537600,69.82719655421351
2021-01-12,8949000,71.96358900916098
2021-01-13,10291500,63.947302834173215
2021-01-14,8974400,66.87206613936121
2021-01-15,9387600,56.64191403350692
2021-01-18,7223100,58.34655972816901
2021-01-19,7886000,56.506927753355086
2021-01-20,7947300,53.430111866679056
2021-01-21,8573900,49.616195467744745
2021-01-22,9373100,46.058759962006526
2021-01-26,10681400,44.15939223870335
2021-01-27,12380400,42.60406333012271
2021-01-28,12065900,53.095256821273274
2021-01-29,10965200,44.62996564676506
2021-02-01,8716500,48.276845355301816
2021-02-02,11625900,50.52257971196107
2021-02-03,8704300,54.19716465828309
2021-02-04,8100700,52.880953578933074
2021-02-05,8208400,54.580851132983476
2021-02-08,8619100,53.305189023695064
2021-02-09,7913500,53.02131446608473
2021-02-10,8644600,49.7453414357528
2021-02-11,7567400,52.30273953845496
2021-02-12,7655900,51.88242151409619
2021-02-17,8326100,55.96555872166987
2021-02-18,10720600,51.360343431228785
2021-02-19,10402800,49.972707879463954
2021-02-22,21768700,34.4334510129291
2021-02-23,15174900,42.533105299743475
2021-02-24,11399300,43.821089270074395
2021-02-25,12466500,36.925461951641765
2021-02-26,14618500,33.2568943751777
2021-03-01,11239900,34.20772437059574
2021-03-02,14823200,38.02673871386909
2021-03-03,15144300,37.33718891984509
2021-03-04,14221600,42.11879478192503
2021-03-05,13254800,49.09619302599343
2021-03-08,0,39.682978757484314
2021-03-09,12135300,41.572738302807515
2021-03-10,12511800,45.283064302966636
2021-03-11,12092100,50.4599533104788
2021-03-12,8110700,48.611539161340204
2021-03-15,8224700,50.25711876606434
2021-03-16,78000,48.25351338900915
2021-03-17,94300,54.229165555741865
2021-03-18,9920100,50.015285463312196
2021-03-19,12341800,53.18544062148833
2021-03-22,8160600,50.11773229350963
2021-03-23,8301500,46.157275164289224
2021-03-24,9834000,43.570168412156114
2021-03-25,10306500,47.988506519765615
2021-03-26,8659500,50.5388584070681
2021-03-29,7463300,52.10397589059465
2021-03-30,8141600,55.50491230633644
2021-03-31,10659200,54.87156028772979
2021-04-01,8009200,50.87451873699942
2021-04-05,7245100,56.47458864722786
2021-04-06,6800800,56.416490434201286
2021-04-07,0,56.73185945203764
2021-04-08,8778200,58.51380458450872
2021-04-09,7739400,56.188139451461275
2021-04-12,7000500,59.283419555646475
2021-04-13,8977600,60.557887012680844
2021-04-14,10076600,63.116271186106445
2021-04-15,7948100,64.13545173744843
2021-04-16,7945600,65.189205042965
2021-04-19,10028100,64.30244078523813
2021-04-20,7811500,60.04143410510302
2021-04-22,8598600,56.82783208819855
2021-04-23,7615500,60.633715923531284
2021-04-26,7095300,60.84220557199115
2021-04-27,8362300,55.01549196044127
2021-04-28,9081500,60.61828973320561
2021-04-29,8500200,56.15344866854485
2021-04-30,11093200,51.3197253220258
2021-05-03,8888300,52.5031424729815
2021-05-04,8765500,46.69364525001154
2021-05-05,9059100,53.54243121928545
2021-05-06,8779600,54.7493318722629
2021-05-07,8865100,61.188284223855426
2021-05-10,8219100,60.622207241766816
2021-05-11,7988600,63.58900031366698
2021-05-12,9405200,50.86075675075728
2021-05-13,9356200,53.90228826529925
2021-05-14,10136300,57.26299884260081
2021-05-17,7408100,60.08228538371575
2021-05-18,7840100,60.194651556747644
2021-05-19,8825300,58.73627341880622
2021-05-20,7906400,58.93870788163608
2021-05-21,9493600,58.421120465197305
2021-05-24,8186300,63.03904621712492
2021-05-25,8914500,58.00878409272969
2021-05-26,8258400,61.20526445574799
2021-05-27,0,62.37016360026172
2021-05-28,8838500,65.85760357642857
2021-05-31,5946500,67.62991450069894
2021-06-01,12496100,72.45209567822506
2021-06-02,12781100,75.05499909575497
2021-06-04,9814800,76.01547987537015
2021-06-07,9655400,77.1866832666885
2021-06-08,10346600,71.4681890835671
2021-06-09,9833700,71.74175009667921
2021-06-10,8537900,72.14678306045454
2021-06-11,7748200,68.19176265202915
2021-06-14,8155700,70.3089697766394
2021-06-15,7211500,69.54849180066196
2021-06-16,12879400,64.22833176332293
2021-06-17,9664700,57.3971880620294
2021-06-18,12432000,58.764591112294305
2021-06-21,7333600,62.00973868326356
2021-06-22,9328000,59.10884257260689
2021-06-23,7988900,57.148935593493924
2021-06-24,7237000,61.547603970308465
2021-06-25,9363800,50.04493692809761
2021-06-28,8155600,50.80356322973265
2021-06-29,7777900,50.31837114186254
2021-06-30,9098600,47.78856445477074
2021-07-01,9292000,42.776984744332324
2021-07-02,7434800,52.09290382450559
2021-07-05,5255600,49.00911403738533
2021-07-06,7651300,42.041351965564736
2021-07-07,8151400,50.09651314359067
2021-07-08,8881400,44.579082195610184
2021-07-12,7421600,52.28397531026074
2021-07-13,7152000,54.10492163280318
2021-07-14,0,54.877070202902246
2021-07-15,7418600,51.23025585109101
2021-07-16,7355800,45.94919602069181
2021-07-19,9210200,41.20226091486628
2021-07-20,7627500,45.12659194130733
2021-07-21,7148900,47.12141977119586
2021-07-22,6480400,47.96255667924332
2021-07-23,6051800,44.16575369988915
2021-07-26,6325500,48.01802108086831
2021-07-27,7313800,43.307956529261
2021-07-28,9038200,49.69806453543287
2021-07-29,7488400,47.58958939507203
2021-07-30,9399200,36.90004883218655
2021-08-02,8565400,39.59678372628848
2021-08-03,9391300,43.458418601386875
2021-08-04,9164200,38.967585622455104
2021-08-05,10913000,38.56164774997403
2021-08-06,7499200,43.03865858648735
2021-08-09,7171500,43.82149900317962
2021-08-10,8297600,41.42479786057287
2021-08-11,8685200,40.99332323243638
2021-08-12,11066000,37.12814730141987
2021-08-13,10642200,39.368153606296985
2021-08-16,9741700,34.033599794352924
2021-08-17,11218200,31.153328476620985
2021-08-18,11745800,28.579230143669836
2021-08-19,10525900,31.11655254238166
2021-08-20,8929300,35.32584440145548
2021-08-23,7853000,33.867612493288604
2021-08-24,9181000,45.325824880799296
2021-08-25,7520100,47.49687169951992
2021-08-26,8426900,41.390781129085276
2021-08-27,7323600,48.09625528328596
2021-08-30,6391900,45.4104044335059
2021-08-31,11535600,42.78006086791077
2021-09-01,9523000,44.98101442742614
2021-09-02,9862800,38.018349149648095
2021-09-03,12517500,38.97611981573934
2021-09-06,5111300,42.47611288630346
2021-09-08,12254400,32.824163259177745
2021-09-09,13890600,39.316072166774156
2021-09-10,11155700,37.1806650703039
2021-09-13,9253400,43.67204083082394
2021-09-14,9034100,43.166272589947205
2021-09-15,9456800,40.62603614844807
2021-09-16,10685500,37.89975583763748
2021-09-17,14827600,33.41788815856365
2021-09-20,11500200,29.305427024848584
2021-09-21,11247700,34.04157969030578
2021-09-22,12158600,40.26970501965688
2021-09-23,11476300,45.16018781831335
2021-09-24,9121200,43.47993743106792
2021-09-27,10739700,44.33666431900717
2021-09-28,13190800,37.31367812255259
2021-09-29,11372600,40.21208815171284
2021-09-30,13160600,39.95304147996747
2021-10-01,10779100,45.615424139638314
2021-10-04,11814200,40.27739188325291
2021-10-05,10379000,40.47189887263365
2021-10-06,13279200,40.797740247115364
2021-10-07,10646000,40.88315246255754
2021-10-08,12871400,48.12985077811313
2021-10-11,10283700,46.35237983711946
2021-10-13,11732700,50.22100204654739
2021-10-14,8956200,49.406128936408564
2021-10-15,11174900,53.767396048221
2021-10-18,11201300,53.02714999426049
2021-10-19,14129200,42.31801626369275
2021-10-20,11735800,42.69308963826969
2021-10-21,16507700,35.90458121507819
2021-10-22,21165700,33.22146876235311
2021-10-25,11512100,41.17904549018004
2021-10-26,10762200,36.70958638204759
2021-10-27,10831300,36.60332484884864
2021-10-28,11502900,35.33187568178783
2021-10-29,12595800,31.397756902718992
2021-11-01,10734800,38.281477712801106
2021-11-03,14696900,38.49545461820527
2021-11-04,12084000,34.226135745809536
2021-11-05,12595000,38.89925068374558
2021-11-08,9358000,38.80882287281388
2021-11-09,11021200,41.38205488513791
2021-11-10,12277400,42.86789339310603
2021-11-11,12661400,48.565164941495105
2021-11-12,13248100,44.70424717910429
2021-11-16,11579400,40.299285961587145
2021-11-17,12832200,36.90616493919374
2021-11-18,10905700,36.02627340251304
2021-11-19,11101500,37.95969961238019
2021-11-22,10410000,35.87359804160463
2021-11-23,13032400,41.697528650532576
2021-11-24,10466600,44.68519639484006
2021-11-25,7890400,48.976695402228835
2021-11-26,10969100,39.78384006500513
2021-11-29,10283300,41.72148735370089
2021-11-30,18195100,39.62898030527232
2021-12-01,13762900,37.08871664163439
2021-12-02,14846500,48.58115304613369
2021-12-03,14581500,50.18485099955765
2021-12-06,11127500,54.6922954818697
2021-12-07,11773100,56.354040983058425
2021-12-08,13166800,57.64175721681046
2021-12-09,11082900,52.08907996640978
2021-12-10,10466000,55.814558052416366
2021-12-13,12512300,54.64483655643922
2021-12-14,11604300,52.669962291473496
2021-12-15,12663100,54.40740734984687
2021-12-16,13754600,56.766585340287854
2021-12-17,14934300,53.20654265266703
2021-12-20,10570000,46.440312566413446
2021-12-21,9041600,48.007400999521046
2021-12-22,8052900,47.21396957279158
2021-12-23,7283600,46.08297343906976
2021-12-27,7594900,48.49207236146729
2021-12-28,7509000,46.17638881739516
2021-12-29,6590000,43.62986876415822
2021-12-30,11138100,46.62398154189495
2022-01-03,11128500,43.492467877097894
2022-01-04,11491600,42.111609526305486
2022-01-05,0,34.797865771121714
2022-01-06,11749200,37.38927938654158
2022-01-07,11733200,42.52231689751119
2022-01-10,10264700,40.15280594608008
2022-01-11,12421500,47.60335583765682
2022-01-12,13026500,54.01405885560432
2022-01-13,11712300,53.43807333528895
2022-01-14,11457100,57.78279070757847
2022-01-17,6924200,56.81893244964851
2022-01-18,11221900,56.093084616977464
2022-01-19,12595600,60.82051015468198
2022-01-20,13630500,63.87951563223101
2022-01-21,13408400,63.09999504526528
2022-01-24,12700800,57.48166820175303
2022-01-25,13713900,63.61754494732039
2022-01-26,15513800,67.75490455675664
2022-01-27,14812000,69.36585395122626
2022-01-28,13520100,65.39685201640796
2022-01-31,12190800,67.56950219806896
2022-02-01,11133300,69.30085488342267
2022-02-02,11751200,64.48461754137952
2022-02-03,11039700,62.28614296275767
2022-02-04,0,63.853042468496156
2022-02-07,10672800,62.583028623096396
2022-02-08,10157500,63.33371081415889
2022-02-09,13794500,64.07404764298832
2022-02-10,13267900,66.91961043284196
2022-02-11,18602800,67.57563383016657
2022-02-14,10757600,68.32204611402776
2022-02-15,11649600,70.93727369099959
2022-02-16,12052100,72.43418666113256
2022-02-17,10807500,61.594389236617566
2022-02-18,11300700,57.345254660968
2022-02-21,7864900,52.03949242506785
2022-02-22,12707000,56.850113875860345
2022-02-23,12120600,52.550217193620064
2022-02-24,16794700,50.61026493920774
2022-02-25,17555700,56.98240998740084
2022-03-02,0,63.61067217199488
2022-03-03,12123000,63.56914322420839
2022-03-04,10715700,59.92472837268913
2022-03-07,14057700,47.671239942253656
2022-03-08,15698500,46.29130340987304
2022-03-09,14705400,55.81631695026037
2022-03-10,12984000,54.895006676941925
2022-03-11,12475800,47.89067581986523
2022-03-14,10480900,42.53988017693095
2022-03-15,13653800,39.931599377854404
2022-03-16,13205200,47.616797440558585
2022-03-17,14407500,53.46557955035618
2022-03-18,19552500,59.066654278618344
2022-03-21,10378700,60.97681274582663
2022-03-22,11382700,63.41039108866511
2022-03-23,11083700,63.812903770290575
2022-03-24,13474400,67.16842057463761
2022-03-25,13814500,67.2258384476717
2022-03-28,9167700,65.70981355675602
2022-03-29,12931900,68.55111069510237
2022-03-30,10893300,69.08299038221715
2022-03-31,11202100,67.77333499628502
2022-04-01,13780900,71.30017323713774
2022-04-04,8812500,69.78200426311419
2022-04-05,11788300,58.67117410066987
2022-04-06,13410800,56.03538901300311
2022-04-07,11520100,57.996401191518885
2022-04-08,11225800,55.716832617912324
2022-04-11,9558400,50.317219748802735
2022-04-12,11406800,47.404415641010125
2022-04-13,12070500,49.8667329402813
2022-04-14,10365400,47.599185103818265
2022-04-18,8404900,45.750839245130464
2022-04-19,0,43.438868880086915
2022-04-20,10747700,40.91865055855131
2022-04-22,10877300,31.813576446098597
2022-04-25,11098300,30.921935696363285
2022-04-26,11747500,25.988024957878785
2022-04-27,11515700,31.40470857198412
2022-04-28,11129900,34.01424216637062
2022-04-29,13662200,29.659078901275528
2022-05-02,11935100,27.373675973107364
2022-05-03,9935500,27.171348769222135
2022-05-04,14558600,35.56277080318075
2022-05-05,13826200,29.446235336813064
2022-05-06,14137700,29.146119814814337
2022-05-09,13196700,25.967111556747774
2022-05-10,13507400,25.742535426648793
2022-05-11,13425100,31.59902577674569
2022-05-12,13995600,36.96913320278164
2022-05-13,12369300,41.68918444792426
2022-05-16,10596900,46.27752170546422
2022-05-17,16503400,48.14400877417026
2022-05-18,14752800,41.11139733696228
2022-05-19,11426400,43.750007232361035
2022-05-20,12866400,48.602271975126435
2022-05-23,10682700,53.960728398268884
2022-05-24,11724400,54.605353562626036
2022-05-25,10737700,54.601850055619884
2022-05-26,13077400,58.37001575844448
2022-05-27,9979300,58.517205172791606
2022-05-30,7284500,54.86158225193948
2022-05-31,15809400,55.90158566309147
2022-06-01,9790200,55.932434869548565
2022-06-02,10051100,59.43967086197792
2022-06-03,8757500,53.6887208183234
2022-06-06,8212400,49.99278480863039
2022-06-07,9466200,49.527801210785974
2022-06-08,10379900,43.1815815708396
2022-06-09,11955500,39.13890263698915
2022-06-10,12840500,34.708382595079165
2022-06-13,13837900,28.498739134821317
2022-06-14,11563200,27.5149657073114
2022-06-15,16023500,31.078086964076757
2022-06-17,18927300,25.638207275949078
2022-06-20,10900800,25.76959413418683
2022-06-21,11072300,25.478713038300207
2022-06-22,11675100,25.181713209657126
2022-06-23,12397700,22.664671149521634
2022-06-24,10345200,25.937654460800847
2022-06-27,9895900,36.211497326111385
2022-06-28,10493900,35.76960274053451
2022-06-29,10448100,33.317140787379905
2022-06-30,14588800,30.783792255674847
2022-07-01,11609800,32.88048209877928
2022-07-04,6279300,32.00616966300965
2022-07-05,13358800,31.19318302301523
2022-07-06,13348200,33.64421724060012
2022-07-07,12696300,43.85899628357321
2022-07-08,9730400,42.320446192467074
2022-07-11,8893400,35.9279812176131
2022-07-12,12566300,36.22268421615524
2022-07-13,12208100,35.07426102191463
2022-07-14,12579000,30.391460662246487
2022-07-15,11347600,32.75371093411159
2022-07-18,10738200,34.777069205912795
2022-07-19,10295900,41.66020254766962
2022-07-20,12941700,41.868989204574625
2022-07-21,10060000,45.59344858942285
2022-07-22,10033500,45.1425169081181
2022-07-25,8621800,51.56693076191095
2022-07-26,9136600,49.26633847164225
2022-07-27,10263100,56.291615708316364
2022-07-28,11130000,60.3998672273921
2022-07-29,12934200,62.271462031519974
2022-08-01,11626700,57.43368270159883
2022-08-02,10124500,61.34546551405376
2022-08-03,12379600,62.686824840676955
2022-08-04,15499000,68.68538770611906
2022-08-05,12947500,70.10345807995769
2022-08-08,12674600,74.27767459233418
2022-08-09,12147900,74.7671678728063
2022-08-10,13376200,77.67899064772391
2022-08-11,14944800,74.6472105330143
2022-08-12,18704900,79.6715893339229
2022-08-15,15552900,80.04627763062064
2022-08-16,12986400,80.73130836364109
2022-08-17,14652800,81.01787815328268
2022-08-18,10644200,81.17936249571245
2022-08-19,12678600,67.52760859544557
2022-08-22,11010900,62.65480478912413
2022-08-23,11892000,68.4586375938306
2022-08-24,13758600,68.5502366071118
2022-08-25,11838500,70.0010338432644
2022-08-26,11159700,63.833694825308065
2022-08-29,9795800,63.90036460685392
2022-08-30,11937900,55.25314538406349
2022-08-31,14791100,51.64137346392207
2022-09-01,14478000,54.736503036495336
2022-09-02,16691800,56.30389072004706
2022-09-05,9515500,60.59110471625494
2022-09-06,14296100,50.811707453318874
2022-09-08,13759500,51.33881876468996
2022-09-09,12155200,58.7967650310272
2022-09-12,11707100,61.729838559670966
2022-09-13,12612500,52.27116407745077
2022-09-14,11630900,51.468345209947564
2022-09-15,11622500,49.50260606963821
2022-09-16,18843300,47.29174765925418
2022-09-19,12594800,55.39024744588546
2022-09-20,12570300,57.31426713413338
2022-09-21,14726800,55.1660452807277
2022-09-22,15684400,60.95482155007581
2022-09-23,13542300,52.848738193173574
2022-09-26,13127000,45.626013763222566
2022-09-27,14517500,43.797696962218446
2022-09-28,13540500,44.043101249056114
2022-09-29,14588500,41.9720703562958
2022-09-30,16536300,49.6587743875234
2022-10-03,20982900,63.16119784386813
2022-10-04,16078700,63.32798493524462
2022-10-05,13555200,65.04643614146734
2022-10-06,14520500,65.69562035743569
2022-10-07,13616500,61.665818116145864
2022-10-10,11429900,60.21033201705994
2022-10-11,13137900,56.52254829785394
2022-10-13,14583700,54.81221068442926
2022-10-14,13096100,48.17519493190106
2022-10-17,11633000,52.49073410959677
2022-10-18,14744200,57.673203117821394
2022-10-19,12729900,58.883583560310335
2022-10-20,16915800,60.91678042575559
2022-10-21,18579800,66.41580456464933
2022-10-24,13278800,54.6567545301691
2022-10-25,14727200,51.19910007789989
2022-10-26,16088200,46.90886967608214
2022-10-27,15530800,51.335748327974784
2022-10-28,14392400,51.086459946804986
2022-10-31,21637900,54.57522146851609
2022-11-01,17969700,56.562001203818426
2022-11-03,15634600,56.46360931268898
2022-11-04,16209500,59.36765161530685
2022-11-07,15221900,51.15689174178384
2022-11-08,14239800,53.18453289450472
2022-11-09,20531600,46.611948822363956
2022-11-10,26029300,38.96416191412253
2022-11-11,25038700,45.262874983098534
2022-11-14,15080400,47.40469569869858
2022-11-16,18351000,41.750774050813796
2022-11-17,23119600,40.78141674600382
2022-11-18,18769100,39.2843881111184
2022-11-21,16651600,41.7145356032499
2022-11-22,15056500,40.29192882465209
2022-11-23,13198400,39.56838616353717
2022-11-24,10296900,48.436035840094036
2022-11-25,12309100,42.36631209839798
2022-11-28,11492600,41.979232613529746
2022-11-29,14721700,47.60510835170679
2022-11-30,19703200,51.36620183351204
2022-12-01,15193700,47.715020794937615
2022-12-02,15982000,50.155975071035954
2022-12-05,12308400,44.499923488223985
2022-12-06,13437500,44.85033224294381
2022-12-07,13825300,44.45645993998329
2022-12-08,14921000,39.82309328608269
2022-12-09,10676300,41.20772429335114
2022-12-12,15481900,36.29557726622817
2022-12-13,17702200,33.8379088191523
2022-12-14,24923500,33.67859840244552
2022-12-15,15568200,33.55434808794695
2022-12-16,18255000,31.78077118957206
2022-12-19,16773400,38.33577276323259
2022-12-20,19125600,46.315115231757474
2022-12-21,17634900,47.31638644945873
2022-12-22,11494600,47.329056227746065
2022-12-23,12847100,54.364343695766806
2022-12-26,5219500,51.38420218784735
2022-12-27,11158100,50.177711986465454
2022-12-28,11193900,55.60405469784789
2022-12-29,13389100,54.902174170345084
2023-01-02,8130500,44.23345192332248
2023-01-03,14466700,39.26503096041857
2023-01-04,14451200,42.91449155776715
2023-01-05,15512000,49.07625060499688
2023-01-06,12626600,52.414371830342844
2023-01-09,12047300,53.39048978619844
2023-01-10,13697900,57.44198806076087
2023-01-11,14461400,59.36319865639956
2023-01-12,19839100,59.62613699877692
2023-01-13,15939000,56.31799020467676
2023-01-16,12512400,50.92583705512409
2023-01-17,14363200,56.7542900377866
2023-01-18,14128600,59.133003270894
2023-01-19,15594300,60.415365447368764
2023-01-20,15436600,57.92442280481771
2023-01-23,13701000,55.84234367564428
2023-01-24,11551500,59.34841518352999
2023-01-25,11413000,62.20752497611092
2023-01-26,10920800,61.86222925526496
2023-01-27,10614500,55.646549603182514
2023-01-30,11272700,53.437300214770964
2023-01-31,12900200,58.220197069224355
2023-02-01,17821500,53.773326224561835
2023-02-02,15241800,46.416832862179035
2023-02-03,13235300,42.58803546759379
2023-02-06,11514600,42.49920469528695
2023-02-07,12956300,41.04570771089752
2023-02-08,13837000,48.04962367635917
2023-02-09,12956000,42.26465579895764
2023-02-10,14458000,43.544495456442995
2023-02-13,9973600,45.98971647244033
2023-02-14,11894600,42.60083701256664
2023-02-15,15499500,48.71417042013804
2023-02-16,12995900,50.19750112938064
2023-02-17,10058400,48.243695509605125
2023-02-22,9356400,41.95939333947387
2023-02-23,11459000,44.032607534026674
2023-02-24,10221100,39.13703595539102
2023-02-27,9570700,38.730299908956816
2023-02-28,15672400,36.75234272705158
2023-03-01,19853000,35.38578066685339
2023-03-02,14738800,32.83989221216197
2023-03-03,13101500,35.39245431305846
2023-03-06,14277800,39.233804938281686
2023-03-07,12578200,37.861778901760005
2023-03-08,15904100,47.53934502468389
2023-03-09,19174300,42.96107769484441
2023-03-10,17952200,38.964021698786716
2023-03-13,12993800,37.672893113487234
2023-03-14,13133800,37.16849804637612
2023-03-15,15246500,36.453770832155875
2023-03-16,14385800,40.12073701957516
2023-03-17,17560000,35.86018079404874
2023-03-20,0,33.1011560854319
2023-03-21,9672100,33.4914310607771
2023-03-22,11504600,31.444774306962813
2023-03-23,0,26.327217978025118
2023-03-24,0,31.080012957644886
2023-03-27,9990600,35.26844052583687
2023-03-28,13500100,42.09529993435943
2023-03-29,12456100,44.6195756998251
2023-03-30,14901600,51.769867553695605
2023-03-31,15111200,45.70892341379093
2023-04-03,12794800,44.555344737023134
2023-04-04,11695800,45.972967903094066
2023-04-05,13256500,43.062542048315514
2023-04-06,9818500,42.55457928503356
2023-04-10,8148700,46.98001244397686
2023-04-11,18725700,60.82643256209895
2023-04-12,17345500,62.460732861584034
2023-04-13,12182900,60.71742606342734
2023-04-14,11501000,59.97053266305245
2023-04-17,10253400,58.82555063145912
2023-04-18,11207900,59.29336359532213
2023-04-19,12713600,49.94045274820616
2023-04-20,12378000,51.5994623921587
2023-04-24,10935400,49.95024562228799
2023-04-25,10873200,47.14154054060599
2023-04-26,10115500,43.8268365082618
2023-04-27,11302800,46.550328313565096
2023-04-28,13080900,52.655519376039315
2023-05-02,12018000,43.7265282942748
2023-05-03,11688200,43.31601494087263
2023-05-04,14837300,44.93065196693692
2023-05-05,16699500,55.66042142642266
2023-05-08,13259200,58.291229019686554
2023-05-09,13526600,61.2595073069721
2023-05-10,13576900,62.163011455027004
2023-05-11,12772100,64.33028734292942
2023-05-12,0,64.8878475197566
2023-05-15,11603200,66.42317681360741
2023-05-16,16897300,62.10134557972766
2023-05-17,13993000,65.74095914176606
2023-05-18,13613100,67.46334469397497
2023-05-19,16135800,69.10755212362837
2023-05-22,11769400,66.10311904306012
2023-05-23,12334800,64.49125196779266
2023-05-24,12980200,58.395250239765375
2023-05-25,14745300,62.62149354275939
2023-05-26,11019700,65.20746870672028
2023-05-29,5913000,62.095997926821056
2023-05-30,11588000,55.31919303530296
2023-05-31,15861100,52.46625400144273
2023-06-01,14669000,60.25506122912419
2023-06-02,14545800,65.6693138628934
2023-06-05,9078800,66.01454207673706
2023-06-06,15025400,70.45257897666616
2023-06-07,14017100,72.24320296544576
2023-06-09,13527100,75.07923742590569
2023-06-12,12016200,75.63435980471591
2023-06-13,12392200,72.38601450957508
2023-06-14,16938600,76.6264249665154
2023-06-15,12298000,76.87631811649884
2023-06-16,15251700,74.27152268196
2023-06-19,6776300,76.32403213565499
2023-06-20,10924200,74.94268031450616
2023-06-21,11736700,76.49197728718732
2023-06-22,11831500,68.05372403363864
2023-06-23,12845400,68.16317026516606
2023-06-26,10456600,64.12468847054174
2023-06-27,13077000,60.34766290998099
2023-06-28,10646300,56.180195786389795
2023-06-29,11055300,61.90673308828012
2023-06-30,0,60.42771105515629
2023-07-03,8907500,65.22212914418786
2023-07-04,6555200,62.16880385502158
2023-07-05,10959000,63.621884741981084
2023-07-06,11025700,53.65956644262647
2023-07-07,10521000,58.51059257493919
2023-07-10,8104000,54.5189146820609
2023-07-11,10592500,51.65289199940234
2023-07-12,8941200,53.28653388152582
2023-07-13,9257600,58.674568251492644
2023-07-14,8980000,52.35450160277642
2023-07-17,8201900,54.09629421000158
2023-07-18,8584800,52.55666845545738
2023-07-19,9728700,51.35327803681737
2023-07-20,8986400,53.46176068768099
2023-07-21,11181500,60.81275035093117
2023-07-24,10494800,64.03772163964464
2023-07-25,11427100,65.8304979659351
2023-07-26,9988800,67.28615811471133
2023-07-27,10678700,55.44346588324728
2023-07-28,8464200,56.08156675215509
2023-07-31,10122700,61.38950941844368
2023-08-01,10302800,58.38202414692264
2023-08-02,10565900,56.70747036300959
2023-08-03,13027300,55.504253397187696
2023-08-04,15065200,50.91065373235918
2023-08-07,8726500,50.3775158789953
2023-08-08,10246000,49.122401944337895
2023-08-09,11245600,46.21085243188804
2023-08-10,12689600,45.95670655612341
2023-08-11,11867500,44.67845947853154
2023-08-14,11203500,39.472041313056074
2023-08-15,14636000,37.101363461922986
2023-08-16,18862600,35.04736231083612
2023-08-17,12747500,32.97605083580063
2023-08-18,10601000,35.83477667079676
2023-08-21,9794400,32.417323786711
2023-08-22,9828500,42.77443961108818
2023-08-23,11542800,51.87577883434312
2023-08-24,9196200,47.33273160932483
2023-08-25,9214100,42.9861652261046
2023-08-28,9596900,48.48746742969396
2023-08-29,9631600,53.33299931145403
2023-08-30,8924000,49.90861960371446
2023-08-31,12950000,43.677213856212475
2023-09-01,11890700,51.500551540437264
2023-09-04,5529700,51.088422986292144
2023-09-05,10870700,49.44991731847849
2023-09-06,9916100,44.781993514307395
2023-09-08,8360700,42.61892831618675
2023-09-11,8789000,48.836764181033416
2023-09-12,9192800,52.65497348612437
2023-09-13,12075300,53.37335341531645
2023-09-14,13279300,57.43914483385936
2023-09-15,16107600,54.75812605162606
2023-09-18,11273100,52.79094378477963
2023-09-19,11453800,50.93765101242702
2023-09-20,9238800,54.25932695214415
2023-09-21,12685800,44.51167462558017
2023-09-22,9443500,44.05707953134845
2023-09-25,9580000,43.75980938722518
2023-09-26,11241800,38.057747187819245
2023-09-27,13359300,38.72301348478631
2023-09-28,10387000,45.34632101145447
2023-09-29,11143200,48.88095065789444
2023-10-02,8524900,43.41367424252995
2023-10-03,11104800,38.39076436258635
2023-10-04,10813800,39.2593978559458
2023-10-05,9507200,38.26128497957311
2023-10-06,13138200,42.57408970970484
2023-10-09,9474400,47.01038880236953
2023-10-10,11621500,53.24716955290978
2023-10-11,9949800,54.39522412192333
2023-10-13,10609300,49.038638644820495
2023-10-16,8989900,52.09395971026156
2023-10-17,10371700,49.52754380549205
2023-10-18,15492200,42.82086615430291
2023-10-19,11497600,42.63247006588564
2023-10-20,0,39.77531133737918
2023-10-23,10701800,38.56237945086695
2023-10-24,10711800,43.4648905529959
2023-10-25,12306500,40.1717449906237
2023-10-26,12770600,48.884571486841985
2023-10-27,12289500,43.69010544088731
2023-10-30,9741800,41.23185225904631
2023-10-31,10557400,43.93544731929097
2023-11-01,13904100,51.439890720551126
2023-11-03,15714000,60.667714910394146
2023-11-06,10167700,61.49700290003116
2023-11-07,16393100,63.47763171643345
2023-11-08,15193500,62.72570680285431
2023-11-09,15568300,62.316470794137366
2023-11-10,0,66.6857497765209
2023-11-13,11198000,65.37877563265502
2023-11-14,19427900,72.07157853708067
2023-11-16,18355600,74.33080983649434
2023-11-17,15719100,75.1730651852642
2023-11-20,11108500,76.90747517066968
2023-11-21,10793500,74.26790026659253
2023-11-22,14058500,75.07586816642154
2023-11-23,7816400,76.09751346883903
2023-11-24,9613100,70.1767047449405
2023-11-27,11013800,70.51361586171765
2023-11-28,12394200,72.53943585799871
2023-11-29,12417500,69.89621766237224
2023-11-30,19238400,72.89047490716065
2023-12-01,13696500,74.5982421823727
2023-12-04,10270500,66.94989785373764
2023-12-05,11960300,67.2282406118316
2023-12-06,10837300,60.23540082958744
2023-12-07,10505300,61.53802488350665
2023-12-08,10745300,64.99687906514785
2023-12-11,7091900,63.979421320214016
2023-12-12,10266500,61.01498299724899
2023-12-13,15066200,69.96148200507834
2023-12-14,15822800,72.9660269432495
2023-12-15,15141000,69.46130476774289
2023-12-18,9604400,71.48939781492228
2023-12-19,9429700,73.14990101505038
2023-12-20,10335800,67.38083245916087
2023-12-21,8681000,70.66051401360046
2023-12-22,8231100,71.9203723734156
2023-12-26,0,73.58877528585029
2023-12-27,6168200,74.94726477864998
2023-12-28,7812700,74.89078124771139
2024-01-02,8437800,66.03035189861338
2024-01-03,8702400,66.42422360909298
2024-01-04,8972300,57.933517654405044
2024-01-05,9199700,60.62038219102034
2024-01-08,8497500,61.94717823504157
2024-01-09,9287500,56.93590276933628
2024-01-10,8958400,54.025476602617815
2024-01-11,9761700,53.099344742150365
2024-01-12,10661900,54.57983673184442
2024-01-15,5746600,56.88432517055949
2024-01-16,11911300,46.31147362160205
2024-01-17,9952500,43.313821586558504
2024-01-18,12460800,39.04401695745986
2024-01-19,11956900,40.71134414666761
2024-01-22,9509100,37.17309464645699
2024-01-23,9366100,45.384585666496186
2024-01-24,8823800,43.72820343587545
2024-01-25,8757600,45.422228577701354
2024-01-26,8508000,49.14906941022658
2024-01-29,8764500,47.133692477316494
2024-01-30,10037400,42.6632646186815
2024-01-31,12495200,44.466442337677705
2024-02-01,10226400,48.12577080824678
2024-02-02,10982800,42.72347043962769
2024-02-05,9637200,44.83352468382547
2024-02-06,13780300,56.64725954501342
2024-02-07,15425400,53.13961518552857
2024-02-08,13634900,47.66745200412826
2024-02-09,12115800,46.952478289336014
2024-02-14,7748300,43.26431752542923
2024-02-15,10980100,46.775167893248714
2024-02-16,10119100,50.634174309668644
2024-02-19,5799100,51.89701533087185
2024-02-20,12237000,55.386000289515835
2024-02-21,12585700,55.8406840164942
2024-02-22,10771700,56.696990653343306
2024-02-23,9230300,52.39374050869656
2024-02-26,7436900,53.27649206560394
2024-02-27,10049000,61.6583397509289
2024-02-28,9045600,53.968901566369574
2024-02-29,12003100,49.090726029503216
2024-03-01,9765100,49.779855162977704
2024-03-04,7967700,46.24482208873768
2024-03-05,9692200,45.242707384356784
2024-03-06,11057900,49.11317358946198
2024-03-07,7350000,46.647304280713755
2024-03-08,11937900,41.473326665594165
2024-03-11,8899100,38.078978949951996
2024-03-12,9483700,45.859234297447244
2024-03-13,8837200,47.41683645545973
2024-03-14,9292600,46.082028457866706
2024-03-15,14992400,42.240360877510795
2024-03-18,10512100,43.37718135073595
2024-03-19,11184800,46.45540198284662
2024-03-20,10819300,53.9401992401274
2024-03-21,9570800,49.43581909384262
2024-03-22,9367800,44.72273854306443
2024-03-25,8060500,44.336695316393424
2024-03-26,9435700,44.04666530138019
2024-03-27,9918200,48.46715002918412
2024-03-28,9943400,50.57478283251785
2024-04-01,9372600,45.218894541146085
2024-04-02,9073600,48.17918302631328
2024-04-03,11032700,47.0477548172248
2024-04-04,13229200,47.677867750759695
2024-04-05,9101300,44.40336326642465
2024-04-08,8128300,55.19775502099555
2024-04-09,8489700,59.445735645529794
2024-04-10,10451800,50.31443949090074
2024-04-11,8882900,47.49846205446524
2024-04-12,10246600,41.92940097001028
2024-04-15,13504500,39.807915907960265
2024-04-16,14009800,36.71853318218075
2024-04-17,11370900,36.02398340711705
2024-04-18,10662400,36.1730876786157
2024-04-19,13604100,41.612883146186476
2024-04-22,10264100,44.095493714438405
2024-04-23,11257800,42.26366041272154
2024-04-24,10526300,40.527339494297834
2024-04-25,10093100,40.11308915053509
2024-04-26,8900000,50.82522540818422
2024-04-29,8385100,54.66238390891649
2024-04-30,10889600,47.72848014843264
2024-05-02,11547800,53.10308800162258
2024-05-03,12799200,58.432071367898416
2024-05-06,8779100,58.21122840771417
2024-05-07,10177500,60.96054756842027
2024-05-08,9788900,61.942712500281914
2024-05-09,13369000,54.8520402817102
2024-05-10,12574200,51.9402206797494
2024-05-13,8917300,54.40075631362418
2024-05-14,11886800,55.97524321880167
2024-05-15,10855600,53.29438402415765
2024-05-16,9852200,54.52727502563708
2024-05-17,10262600,53.73368074658755
2024-05-20,9340300,51.314768349909876
2024-05-21,9138500,49.28963537511098
2024-05-22,12403500,40.37145144049486
2024-05-23,9985400,36.639712248996034
2024-05-24,9211500,35.03779842076084
2024-05-27,4327600,36.38321486458679
2024-05-28,9179800,33.562288992733706
2024-05-29,8257700,29.829694649833943
2024-05-31,15918600,27.931029338415904
2024-06-03,8428100,27.725069012543468
2024-06-04,8529300,26.97847816606771
2024-06-05,8768700,25.6985865185496
2024-06-06,8404200,37.71780147773834
2024-06-07,9801200,30.20002526471605
2024-06-10,6568400,30.178756616458415
2024-06-11,7477000,36.22489981023698
2024-06-12,11278800,30.671100108962335
2024-06-13,8543000,29.612110957742804
2024-06-14,7847600,30.274357048692686
2024-06-17,7380600,28.655820793621125
2024-06-18,8100100,32.31479822283472
2024-06-19,5646300,36.792149279714124
2024-06-20,8659500,38.08529737224601
2024-06-21,12906900,44.04906333602785
2024-06-24,7836100,51.35581550667767
2024-06-25,6942900,49.70529553208402
2024-06-26,8178800,51.409067008489814
2024-06-27,8707300,59.37813497478213
2024-06-28,9070800,56.958209039212285
2024-07-01,0,60.46728914531548
2024-07-02,8368000,60.760405719904206
2024-07-03,8534200,64.368376692629
2024-07-04,6535700,66.28376965023881
2024-07-05,8085600,66.6795473871939
2024-07-08,7430300,67.79038768134569
2024-07-09,6684600,69.94109022164325
2024-07-10,8152600,70.35975457720593
2024-07-11,7972900,74.15220972467894
2024-07-12,7206600,76.00509059126978
2024-07-15,5826900,77.24052459573373
2024-07-16,6818900,75.16644355928709
2024-07-17,6672400,76.27210183496787
2024-07-18,7591500,60.84448980986794
2024-07-19,7620400,60.58027222922063
2024-07-22,6098200,61.791355749772904
2024-07-23,7022900,52.71354230789759
2024-07-24,7304800,51.63922958962246
2024-07-25,7134100,48.641083367452445
2024-07-26,8272000,57.37995125446255
2024-07-29,7075400,53.92351810131326
2024-07-30,6848600,49.098527506085624
2024-07-31,9471900,56.82251552769885
2024-08-01,9814200,55.28782906731403
2024-08-02,9950900,47.077399670210696
2024-08-05,10886100,44.387173949687515
2024-08-06,10052600,49.67444771844542
2024-08-07,8837900,55.38751369467438
2024-08-08,8624000,59.89711319841127
2024-08-09,11324800,66.17075448647324
2024-08-12,8601600,67.5715294250297
2024-08-13,9798900,70.89284946457035
2024-08-14,12158400,73.02778769553034
2024-08-15,10534800,74.83211637034385
2024-08-16,10871900,73.56275501938234
2024-08-19,11281500,77.3399966623579
2024-08-20,8106800,77.91534322360657
2024-08-21,9572200,78.62832061211866
2024-08-22,8050200,70.26302106263564
2024-08-23,8649400,71.36836233054686
2024-08-26,7560000,74.38758177902677
2024-08-27,6745900,73.64978968184136
2024-08-28,7457100,74.99242983139065
2024-08-29,8385100,66.60784281877633
2024-08-30,18397900,66.38088284820047
2024-09-02,3666100,60.266425443394226
2024-09-03,8802400,56.80713910826142
2024-09-04,9419500,63.17880340918543
2024-09-05,7528700,64.43541547465674
2024-09-06,7563300,54.54097076322182
