bvsp_vol,rsi
1862400,
2427200,
2309200,
2546000,
1761000,
1610800,
2138000,
2516000,
2237800,
1806600,
1538600,
1877400,
1884800,
2169600,
2071800,44.48043303680463
1474400,44.02791836571753
2542400,33.52075434267562
2304400,32.7573672318775
2544000,29.2541960906202
2253800,28.194362377322257
2114000,36.262040996399975
2551400,23.310663915239296
2380800,26.50022274874847
2676800,20.638137115347046
1980400,22.167785408691696
2764000,23.207324140790682
2811400,21.43687681066701
2356400,25.418893602522772
2396400,34.85503076687891
1945000,37.92203720234215
2355400,39.58328453420669
2672400,48.37046254588488
2147800,55.251488081533005
1944000,57.520343574208376
1453000,47.4895988804008
3045400,49.1065670741655
3335000,51.1149804516484
2699200,60.272981171927746
2394600,59.503825229223835
2640400,59.79317600434026
2166400,63.08313396554728
2518600,65.90748440412182
2254600,64.45028592194403
1840000,59.62446873373295
1407600,55.89921505782217
2375000,41.04740164591478
2491000,44.6613087806261
1874200,45.3321116392783
2852200,48.786515670222414
3056800,47.71553542519166
1985000,46.07586706351791
2842800,49.93097673705247
2557400,49.13001534076405
2357800,51.354836372323696
2145600,59.449828671249335
1819800,51.9079056266669
2223800,47.62762588136469
1444400,44.86829852925362
1768200,51.3728319239896
1859800,65.62885876304017
2124400,65.23460423674088
2397400,66.19825867917646
1200,69.93420904522816
0,82.59289755733185
0,72.07700010992255
0,69.51680003757636
2111400,66.63525921258882
2173800,55.21427075685972
2525800,43.65019390454487
2515200,42.70199761148636
2259000,39.498921494255804
2145800,46.47433581915539
3060400,37.34116625818456
2214400,38.80351903565483
2397400,41.23000532138231
1385800,35.725357798724325
1726600,33.584807353476066
2151200,28.970788628816916
3090000,29.583893999754164
2645000,32.384035555966896
2306800,31.5029507247257
2235400,29.357492757127364
2490000,31.083465830437945
2806000,31.774442338170754
2690000,40.19946490590936
1880800,38.92879811796654
1982600,46.929091215654104
2458400,36.02620007669548
2486800,30.59389227634633
2667400,28.052354342438527
2459600,25.30891665672917
2210800,35.32626600688299
2488000,34.25905458922011
2291200,29.043676286308013
2087000,33.27453700410057
1767600,37.07371790811964
2006400,48.51037787547508
1918600,50.177758774913144
2397000,48.149241678567186
1672000,48.093350806194884
629000,44.16157418743589
2428400,56.215790342973975
2158200,46.598218153871606
2135600,56.407196023887984
2155800,60.058799359359895
1822400,46.60636739107912
2089600,52.87114853861017
1805800,55.033745156112964
1946800,56.28450176518662
1688200,52.59759818352796
1397200,41.514326023293954
1762400,42.54178932021371
2668000,33.71962483432921
1991000,29.056239941945762
1974600,31.935702970510526
2019800,26.919932077389124
1696600,34.79540181669544
1863400,24.56034984013021
1449000,22.286408664997705
1634000,31.173752947538933
1796400,42.46502866967345
1873400,44.14135363282352
1814000,40.35225908822076
2376200,56.478332864733474
1000400,67.47933612743732
1937800,57.176959002648545
1612600,58.47373026082534
1865000,62.449673854530936
1670600,54.10021328907208
1773200,43.61402248417817
1946200,38.527403758356854
2284200,47.10166471857985
2363400,42.76945132259192
1960200,40.50162175274067
1956400,29.792392780518874
1888000,31.58530705570609
1946000,31.35482842091735
2159600,32.98712699707982
1809600,29.241127295801952
1772400,31.127704604744906
2174800,30.423904901723976
2619000,27.901357878628918
2234000,33.79956329429191
2366400,40.67592298194848
2109400,41.963415841784084
2696200,27.183545589794225
3491800,25.86902615089495
4455400,18.254400566623904
4320600,20.599499437289918
4894600,12.669597594767861
5268200,27.240545884674383
4358800,23.553145082893135
4066000,32.43721010714028
3269800,33.44635469381683
2540600,38.89094812945534
2464600,40.30542637982111
3160600,41.499661508302644
3120400,37.149965566840436
2577200,36.34416688785139
2140800,38.50443100609429
2679000,45.44950201249616
2492200,54.28140298502154
2381200,51.138073462874
2223000,70.27218203493352
2293800,67.09523651880555
2343400,67.81909147477835
2940000,64.93771714687527
4013600,69.02069493810869
3147400,57.91066411226282
1609000,53.05694841129183
2846800,55.7702187797369
2757000,66.786464091805
2481800,62.0470705594657
2376200,61.70026658379592
2099400,57.10080124655371
2836200,59.26859467989054
2136800,63.30596757570196
1970000,64.3432567154949
2328200,59.385274244237856
2677000,54.44539000209946
2777000,48.49737602450824
3603600,32.410905111555955
2689200,36.45595067072194
2143200,44.75401518027913
2454200,36.169287786382014
2340800,26.384790655185885
2304800,33.99847902468391
3072600,29.874361274923203
3112400,25.355964326827795
4038800,19.013884381332918
2830400,21.287894656498953
3145600,25.779423173189734
2627200,23.427931212432302
2180600,38.176246854050284
2845400,42.20851218844752
3574200,56.84205982325328
2323200,58.78381286295244
2366200,51.27853077946543
2540000,55.000536590956465
2430800,57.72133640289496
2282800,53.05453865016382
2151200,62.03727449463614
2656000,74.38432620004504
2262800,71.80258243955366
2172400,72.77056760594563
3665800,74.010501000446
2388000,80.31264345145355
2258000,70.11682433279778
2827600,63.68016767791031
2445800,63.840294608427435
1946600,63.88364930993339
1869400,70.98465105211375
1934000,67.14074574347407
2623000,60.33127122931407
1959000,63.992800266180836
2136400,63.71723126992146
1791000,56.58929082045137
2703800,60.95856923652179
3054600,49.86414921236987
2297200,37.44485335008716
2894800,34.24466531334866
2681600,36.929133845659656
2429400,37.20527950207728
1410200,33.14292628369893
1815000,27.887240335716598
2271000,33.073456715810075
2822000,31.140017755154172
4893000,47.02921502066149
3297000,54.19636755357977
2985600,47.18678427870789
2535200,53.44270074993579
2178000,54.76233235511623
2171800,58.466030979964096
2720800,53.671871475408345
1946400,58.887380642230326
2502200,56.63099479188232
2901200,61.88544844844675
4140400,56.39652650113766
2605800,56.785126574473324
2440000,50.81163639075791
2833400,50.42341901710757
3233000,50.38569837609362
2264400,42.78402286371582
2289000,47.78779191651227
1767200,44.17146686949679
0,40.22323585923795
1616600,46.57774235440814
1612000,45.1205415618188
2779200,41.38922317324763
3083000,60.175137003947796
2252000,59.96678706498886
2351200,60.30333905223085
1659200,62.56172049053063
2244600,65.92031385769475
2689200,74.02765911439934
2245200,69.3057946776683
2145600,70.82946410785222
5624200,61.68118453125859
1705000,63.64676908629156
2524200,66.52533091929774
2757800,68.88140185017501
2843400,81.42331629677162
2246400,81.71169603553778
2376000,74.33530988306072
2731000,74.31499920600423
3174000,86.44560682897473
2218200,85.64930913478935
2197600,82.4529203993913
3437800,80.94933410089527
3904000,84.67878637592062
3107600,85.2749322910661
3059800,97.20911214454836
1919600,96.79129729571069
2722000,96.75971491203492
2887000,94.25275691491845
2688400,88.21937356535237
3501400,64.93911284304912
2619200,72.51396334672849
2738200,66.41244775208763
3825400,65.75262869357938
3068400,69.1606494652087
2352600,70.48761196565921
2322800,66.37077139194399
2119800,59.812807701141594
2226000,54.470143571081316
2717000,54.96572595954081
3345400,53.952533549038414
2328800,55.55781535342416
2557000,60.57012819081068
2315800,57.56246838381117
2742600,55.986882346950814
2683400,52.09747249508754
2890800,60.0641020911765
2253600,57.39220307117651
2149800,51.709996038591605
3165200,60.219600665841675
2732800,61.62573659066841
2295200,58.47244158619667
2408600,62.045638277410966
2143600,59.400839392941464
2071400,57.771502040782714
1981000,50.7092225624707
2676200,40.33410924680432
2524800,43.93240677819346
2010800,60.46564722585566
2723000,50.51901146853419
2883000,38.36040807278985
2895600,38.31657553049436
3155800,38.05836946997961
2966600,25.684101138164177
2773600,22.79052367597895
2739600,21.92566090681964
2294800,23.840422765152507
1788200,21.155375395787708
3094000,19.261183464161615
2952600,19.160519598654762
3115800,36.32441742036114
2959600,33.10415652212024
2316600,26.942337902188918
2704600,34.097775129161874
4053800,39.58748715628262
2358200,38.799201716216345
2285200,39.73193224814283
2533400,31.48361803152856
2377000,37.85144760081095
3307200,40.09453070540739
3130000,42.06948218469409
2547600,43.25353896471074
1963200,50.89873922984838
2955600,57.69166867614114
3036000,42.69516120211926
4961600,40.46598493314684
3370400,44.884763774656335
3091200,33.44046806404257
3261600,27.88862000014646
2701400,29.083366383998737
2532400,28.494225008385005
3047400,24.86185300047828
4189200,17.452759931891325
4327600,17.143113154937563
3709800,10.489159199252928
4306200,15.438054129395544
3569000,29.78306584266892
3667400,23.248694658451026
4334000,22.998146181665184
4013800,24.08406062501995
2988400,24.36981356929926
1857200,30.57809458047028
3048000,30.45316220558167
3298400,28.67260955963598
4826000,32.905140725697386
2986400,34.607558954620906
2360000,38.391766759644874
2530000,36.444486690040634
3542000,51.043455327816545
2627600,50.205078532212134
2736600,37.98455847832081
3894600,50.48030976841441
4187800,55.54631652411148
3299200,57.04525610469061
3900800,58.4912151383448
2960600,55.55785488412376
3658800,63.216987338008394
3202000,68.89679449875187
2601800,55.6106060644115
2476800,62.05273183430648
2160000,52.43567934240893
2707000,57.866398025374885
3825800,44.23040520681742
3531600,40.07636927183829
3744800,52.326076381898744
2874200,48.64529290116765
4064400,51.19899006983305
1718400,54.17553968515829
3128600,51.979515959025335
2701800,46.721368148305565
3467800,34.864476266126125
2970600,34.508865169610516
3047600,39.67372235129592
2784600,45.27807520130055
2821800,48.40819848188414
2519400,50.848311753136144
2296200,57.80625809879849
2879200,63.4573102657212
2865000,49.63000168004938
2807800,42.61478423605442
2762600,34.6818724381478
2216000,32.625331754580316
3017600,39.73772283732963
4674400,55.13336168301534
2965600,65.65185180718386
692000,60.65461447281779
598200,59.185172047727534
2838000,55.51932511147787
3577400,65.52906059618739
3613400,66.88148460792672
3447200,62.22600429289109
3233200,63.323739586726425
2863000,68.3268259139157
3080000,76.26679114504157
2539200,77.98410871025409
3533800,72.20464086129836
4578200,68.85207387686523
3477000,64.39676164857228
2954200,59.61534035013624
3001200,68.10790992374243
3926400,69.12072137774143
3708800,71.43464008517195
3342000,57.935504629511904
3212600,50.90415759455405
2344200,53.103222298082635
2728200,45.86767697195189
4106200,40.06914519119207
3132600,35.02811357904933
5747200,34.80110797518057
2317000,43.39138878208916
3236000,35.728207062731876
3313000,29.45731885678149
3620600,45.22401502657978
3513600,44.350563105710144
3854800,53.53878034178072
4849800,53.72302630289414
5974600,68.91286174369826
5816200,70.03367102555139
3903000,70.2933769545753
3202000,69.2766047420458
3391000,77.11066797454417
2923200,78.3450485688092
2985400,76.87514652021191
3329800,77.81285097650446
3873600,75.43595497812923
3139400,73.19923930697657
3811000,64.66137105238793
3690000,55.5179533967174
2759600,51.51266438035993
3198400,45.458256632525874
3195600,20.66513779551506
3365200,18.0199117334112
3244200,20.73567030082436
2596200,30.48314565654332
3146400,29.372619723667665
2781600,26.921423605242275
2817800,35.53324532190432
3119200,34.34936674373932
3251000,43.866575796304765
4209400,47.12767978730213
3321200,46.26436601216887
3000200,48.11349199219841
2803400,42.77858623034394
3395600,38.37544590325032
2934800,38.68325061588109
0,45.75477536564151
2999400,41.40080038884641
1709800,34.29545674224991
1606000,41.110000275465445
2794200,40.259398136759444
2980200,45.25931313819782
2617200,40.98223860829395
3470000,48.71298932351402
3084000,41.86600190286981
3201000,39.08151877384646
4250400,41.762274359214025
2071200,41.402103421693425
3363400,49.1616614553383
3606400,45.51590003463422
3471800,37.22346093788905
2782800,46.204080433928354
3592200,45.68589192402346
2146200,43.95084762954304
3182000,52.90564152140414
2752800,41.99833024127623
3554200,40.64617313508098
3465400,34.58215643308218
3401400,46.983368744279325
5047000,50.1194725572155
3485800,54.78865614123881
3937200,52.92368980744804
3582400,51.403244824160005
3203200,58.65621928335648
3042400,69.08325650927455
3061800,67.76479594949605
3988600,70.97942793678634
4749600,69.00142870141383
3569400,62.44530742051338
3405800,72.06236750199763
3114400,77.5204104756908
4364800,79.43935752775272
4427600,76.51200826762357
3083400,82.65068231362552
3157400,76.22482541083927
2598000,85.90240316133372
2852600,76.79764002226109
2626000,79.26630071635013
3739800,81.54103426690612
3355800,81.39767276951405
6233800,71.36972388024029
3985800,67.23796866111921
3840600,61.88852452495345
3236400,62.61295870818539
4100600,63.361166202589466
3161000,57.310547440300084
3481400,57.52521982793764
3819200,53.30427004869683
2789200,55.6277729509863
3382000,58.29318296579875
3495200,60.756113988249
2143400,57.17866282892631
3475000,42.539775065728655
3209000,37.12043091736637
3605200,36.94771691717485
3426800,33.2213697691762
3192600,43.259067084295936
4661200,30.838701547301923
4749400,34.635394563200876
3412400,41.56338657845573
3347800,31.769908773442534
4429600,32.798824033131545
4410400,29.870937110157136
4071600,23.484144028266968
3152400,25.67144460109289
2803800,25.52502506993877
2385200,25.039730489150344
3519200,21.58525436330487
2697200,23.12323583949554
3921000,26.344283553533412
4950200,17.3913495856922
4915800,20.624903856611095
5113800,22.70828411427647
3965400,13.574255658510607
4510600,22.06782209784146
5034000,27.973952657954776
4441800,33.38469703900156
3889600,33.564962047874324
4033800,29.04677488579077
4261000,26.42822427491229
5806000,49.451976669275794
6338200,56.53038203783596
4129200,55.672933814213
4129000,58.52412060677848
3805000,65.54423140945418
4536800,58.68130574282279
4581200,54.57607115261058
5182400,52.12445565934811
3741000,50.58675786922947
3828800,44.24323811914238
4179200,41.20011990252957
4368400,41.6115805567179
3744400,41.85197118235358
3849400,42.83117495342103
3755400,31.637556534015978
4052600,25.275934380072794
4373800,31.494376755479678
2755200,27.772755113641132
3588600,24.788788109661333
4480400,36.025327512714306
4574000,31.906126722149125
5975800,37.61308376214377
5504200,37.08107943994001
5186200,47.250322609670256
5388600,51.37093340823151
3836800,49.14425314866321
4805800,48.46946237862759
4709400,39.83699038790215
4353800,41.61507834132527
7413000,35.01421451609055
4554200,34.90825755114198
3733000,41.185225462948054
4174800,47.49864820202304
5365600,47.07144089716088
3949800,52.321898357378245
4347800,49.98236174532262
4660200,45.98385278552375
5931200,44.96057046666368
7138200,49.11971729097052
5436000,50.07738465281497
8860800,53.22846221166143
6452600,66.99153026221376
6235400,65.89718728919718
6519800,72.53525186369697
4799400,67.5237820841783
5315200,59.790241852550594
3956400,51.45658669111544
5094800,48.51825637945151
4899800,49.910354722565934
5080200,48.815553711571305
4067400,57.711624816524385
4164800,56.9548603284407
3898600,53.347272742780625
4872400,60.76476068818107
4072000,58.56925846335232
4852600,59.6783912665609
2051200,51.58460186828474
4175200,52.933366341319434
5004200,42.44428580840306
8790400,36.75511514499185
4336200,45.91041089357401
4314600,44.504653856735736
4630200,33.82639507105106
4088800,35.58610012125978
5635400,25.876033396018432
4689400,19.222569905126537
5560600,9.982005991094502
7780000,7.6059255583634116
6228400,20.27442111589636
5826000,17.755072646694128
5324600,17.351810714867653
5977200,20.88793085689876
6582600,20.23584735817359
8789400,24.9255521542003
6416400,19.385620052125947
6301400,17.059937230440955
4773600,25.697573690788587
5636200,27.020128082564757
5567200,32.820397408738245
5752800,33.20737723146073
6658400,37.417318404615514
8123400,32.46283860601701
6998800,23.744073724832713
5100400,32.2082184227446
6988200,31.11672991360956
4664000,28.11553096128272
4867600,36.509056144987404
5587800,42.2951499856524
5357200,42.4159868878105
4842800,54.65703230110144
4775800,50.447889411136416
5185000,51.86705776272414
4285200,50.8511420448164
3474000,50.26622552348553
4132000,57.235426535662015
4579400,72.42099009988073
5006400,70.37963766001161
4935600,70.10635881230773
3997400,76.27101888537722
3285200,75.70700251684154
5507600,68.85590364552401
4944600,61.0377997475857
4687400,74.99965869802232
4491200,63.17128808345525
3743000,62.086241976927994
5267000,50.48129880942576
4463400,48.857669740374355
5221800,59.76572313814597
6321000,58.442045810655806
7041200,59.28917331329634
6511900,64.03972402452969
11269000,62.09343590962691
8357400,60.324361037045236
7402400,65.05556672047278
6388000,71.1204432945643
5834400,64.90813256999014
5993400,59.36694765803821
5570000,70.156909617612
5887800,73.32820373374746
4283400,76.22639496221288
5718400,65.32193982902582
8503400,56.50540905668494
7991000,50.75534110564824
14233400,48.20962939391598
9666200,57.99068117791734
6887000,54.995951393429934
5036400,55.416395250585175
6194200,55.38958632614
10524400,61.58437382073779
7775400,70.86920686471998
6826400,69.67619382437935
6817000,62.930937465283776
6094600,57.26367487295224
4938600,65.4669375078123
4775000,79.19000428322911
4249200,83.29333078528707
7541000,86.031245945681
5134600,80.14844025640105
4421000,65.23545282256167
3915400,69.09957282717605
4296000,67.3127977519908
3904000,63.00406371216071
6266400,50.587827708436635
4217400,46.23240108176477
6498600,39.117687153588165
5041900,47.896433963868375
4144800,49.053124912147
3992100,41.88383503589994
4300400,44.35347611167448
3472200,38.85190964552853
4002600,25.418045401262628
4212400,30.551030005163998
4136800,40.90100205481413
3052400,37.373046370901974
4094500,48.37084745264255
8575300,55.371090511539656
12960000,64.53511702567103
7207200,60.19649765600125
5977600,72.81029337921771
4658500,72.04291736350062
4607000,74.38076826906367
4019200,70.73023906647511
5649300,64.04309139124226
4940300,61.79325721886067
5796100,66.701597194693
6136200,61.79712530544302
6039200,57.18423386995415
12953800,56.820116502868586
4094400,49.32282067069508
2731000,46.70461596811057
3327700,35.36285775817817
4258800,36.1051093633308
4874300,32.81900302708883
4105300,24.349709549072386
2317800,24.54200550732407
3848200,24.996419336545774
3415400,31.58179333513189
3609700,45.74232410128093
3320500,45.3685432275112
3649200,41.34569065822496
3624600,41.40047980139006
3467000,41.63114380012269
3075300,40.16230760008674
3730200,33.67162609523123
3108000,39.14036420155377
2416600,41.13054800114248
2633500,48.82544990039537
3793600,44.792642321681896
3683100,38.338180850029644
3641200,41.2601898853784
3672300,42.33594428043156
3353300,34.65716002216647
2277900,29.253728094121
2128000,34.11764391931454
3083200,31.12211592924256
3049400,30.56343279170669
2875700,32.74408107637367
2796500,40.08580330815027
2678300,34.18429762685924
4527700,39.596493647928625
1146000,35.62794420894946
3715200,49.655424031213826
2305800,62.788235772806345
1810000,62.79847296821472
2002600,57.086330216327816
2048600,58.07397532633438
3476300,41.11513470881645
7360400,50.20184585739208
3727800,61.556326814709706
3339500,53.725711152573865
2916500,56.052308814019504
3702600,41.70081810870325
3509600,46.92751425221438
2803000,40.10559676521922
2887800,40.38616815805281
2835600,40.84693454754094
2944500,36.31517867887128
2615000,34.06760740869811
1413000,31.162075956782996
3104400,27.91883820804568
3873300,41.969907221967624
3881700,30.08769054545867
3535000,27.793708015358227
2936000,29.63026765587693
2694500,29.640756866601475
3324900,34.488825372780845
3108300,28.1630754147837
3718700,34.57968637525374
3622100,24.462087735745506
3471600,29.209113159919866
3358900,29.38683039050826
3632200,41.43260263016722
3195800,46.42061272774715
2634500,45.26794560240872
3379300,45.31587154744545
2766300,49.716916592093796
3167100,50.605414803964536
3192200,53.76175197164159
1884200,48.74115793617691
3860000,44.80360704421653
3995400,49.906055016722476
2996900,48.39597865033882
2605800,59.09234475936647
2990700,53.7575148152829
2924800,51.06246368005606
3225700,40.1747851182057
3046300,46.702890999786156
4088300,45.60320894452787
2293000,35.397080936534664
3164900,41.77902918458164
3982800,39.042367535609074
3673600,31.958628630929002
3282400,36.50978084187089
3021300,44.12328480490705
3118200,35.66070749604106
3477100,31.43048444058303
2929300,32.17198975067798
3593900,41.92044095252847
3337700,49.313119783291775
4364800,54.760061997667165
4187600,48.703411250721636
3008900,56.75665304462166
2953800,62.283121112955186
3439100,57.182808874039836
5928200,73.91895266482834
4230500,82.59502156879127
3645900,83.69998999344119
3501200,81.6641839142709
4790700,89.27691699714318
3503400,91.95894197360184
3696200,88.24747265247018
3673400,88.11244316602796
5496100,82.02507308645177
4195300,75.78233727818635
3588900,74.89316594499343
3395300,75.14144307889038
2686800,72.0591327772862
3858800,64.83574043445246
3427100,60.28068283218051
3015500,63.83480441598172
3492900,59.892217787501494
2844000,58.10635189557541
3186900,51.144327950965106
2954700,50.29718254641201
2711300,52.48901432135964
4326300,47.931725897565684
4623600,50.30513201603174
8106000,62.855172910932765
4441100,65.58105599112079
4965700,63.52622380316928
4569600,67.283626083195
3344300,72.81844982511893
3177900,65.71096839166813
2744300,65.75570589928111
2956600,65.69447385337769
2878900,72.65327024505629
3436100,65.691530069095
3541400,70.7528369086062
3089500,64.67910936100613
3948600,53.95207743916861
3248100,54.33678787855467
2941400,48.97672472183842
2462300,43.83016496503951
1186800,43.625342356639734
2894700,36.523127456276534
2842500,44.439625785658556
2394300,43.8847856598044
4533200,29.51756649269636
2597900,33.91171719254454
2859400,33.34468837000159
2571500,35.048477646210294
2890000,32.48132835884499
4298400,48.967033879824704
3660000,62.28862555606206
3729900,65.05054054101537
3796000,64.48807043033274
2664400,63.668202197203485
2637400,60.89648479227584
1588400,64.46125957099733
3265400,66.27908422279995
2347800,65.14058485208652
1403100,70.3634844204827
3121500,69.08051786555106
2953100,59.666455792606094
2241300,61.722425098863965
2370800,61.18349593164123
2448700,50.64169585262067
2693300,38.848666125476896
3156000,33.334965085542215
3302900,38.218023660038305
753800,42.7210338192229
2194500,42.05258973783433
1854600,43.42792305551764
4720300,44.193395106269385
3377200,51.89708659669697
4170300,65.17338705953617
3222300,66.1866966057511
4094500,74.812308239687
3975700,73.1316025713261
5296300,84.12994457250883
3034800,85.61187055259516
3010300,86.32859884285581
2735100,81.56130999669006
3040100,80.61290367978755
2422200,78.26573071591415
2366800,79.93508174343766
2702100,75.52396368048625
2446200,68.73515122338586
3488600,57.818016952848495
3229100,51.62543859386671
2195100,55.141449115437375
3752600,53.90585352400682
4006200,56.38557893763708
3049200,43.3601842791739
3017300,33.03522239953726
2672500,40.19616290227321
2145000,42.603619604863376
4810800,32.3013392255813
3045400,35.09444601003775
3437700,45.69202662528771
3268300,53.14708902494213
3485000,59.509596506358335
3300100,69.63501407134844
3322000,69.76905168832597
2327300,61.81848070495927
2875600,70.56470216708738
4014100,69.83910558430458
5389100,75.6772769625616
4462600,75.73235672456022
4942400,75.39917665406524
2769100,75.69601634080645
3995800,85.07688554955398
4164300,84.1945000191653
4010700,72.38768187157311
3808600,69.29712561018084
4386000,54.67171207493349
4461200,49.26914465680992
3805800,46.07529071024603
2893100,50.010123952741836
4620200,34.383306740047715
2902300,40.88297357070146
4876300,41.31693269858901
3525800,44.13456856924896
3848200,34.50998487071292
3464700,32.871437242912684
3814900,24.500470213922576
3317200,23.931642535692273
2848300,28.907801520224343
2845400,26.666040569917882
2982200,40.2929939907368
5186400,33.1106792353244
5222300,32.91949232832193
4918800,28.84290518112858
3986300,36.218726037429334
3708600,36.5556950780839
6714000,43.623862183744684
4874100,44.913994830639744
4807200,45.99284192671016
4503200,48.78047597870467
3635700,45.44793722267632
4544400,54.9790341878509
3904700,54.36360462369614
5671200,51.342764528716735
5427800,42.71112338454869
4406300,54.102789793658296
3868300,51.3477802290753
6578000,49.598460743093305
3755400,47.54686010441263
6346100,39.8516970217701
5852100,35.3451525082415
7999300,31.275180938511504
5761300,38.77329465969407
4915300,35.67959434239792
4299700,43.3445278905833
5348200,42.72240220693487
3665200,41.16047026408771
3529800,46.27669858758377
2901600,49.06514410576588
3692500,42.01508147128426
3592600,47.502604356409684
2973700,51.64534886103744
2678500,50.874582514138346
3198600,58.74847804538863
3032900,50.28722611023359
3789300,55.77808715982895
2824600,45.718455306548684
3639700,55.321248016688436
4251300,55.435651334485826
6026200,56.781466355032755
4588700,56.89217271398783
5033200,55.781495528092826
3033300,56.96220554172061
2292700,60.8482919098176
2637700,58.06283857965558
4312800,48.72983477434005
3296400,46.98280354614124
2724600,47.94490179325089
2913300,48.88043486721868
2530100,51.61561239748294
3302600,46.921059591871106
3852900,43.130190189299334
3168900,34.233030956414105
3828900,18.465385856549002
3756700,16.22993769887623
4685700,13.728637513246804
5339900,14.239014992582375
6209500,27.217998635545218
4240500,26.845301061775515
3620400,39.47124709392731
2675200,44.190662810757544
2668300,44.58626412767308
1911100,45.06362763873773
1852500,44.566956913609175
2925300,49.26584569901588
2882100,43.2503695364395
3866100,41.86596578297955
4559300,42.790829564888156
4408800,56.91336617607345
3621900,63.93368078216017
2999200,58.28744912621171
3246100,47.86810819068237
3881600,48.39166520372499
3697200,40.54413688889521
4463600,40.113847630824615
3344900,41.61394617334406
2096000,39.54626374754604
2899100,37.7362566081208
3561400,47.15904135959023
4952300,55.108546440974926
3081600,57.03803715587641
2774200,53.58524286921852
3890900,45.02741279445413
4241400,37.11537080635999
4405500,43.10174320656829
4846600,42.11665719334706
3247800,48.047844762916604
4819800,57.75100256636596
4811300,57.50442366809788
4004000,51.819005229245164
4591400,57.5422438681506
3658900,60.08109915645452
3796000,45.555145562798465
4307600,42.283798179619644
3828500,55.13382153252
3888100,61.814316460807476
2940700,64.24238394699692
2485100,70.97813887188413
2208700,70.31002735933536
2824500,78.32487171902484
3004200,77.72958998794918
3477200,72.25557310759234
3239000,70.14357677087764
4177300,68.98119542327238
2793700,67.94316800598932
2746200,66.20165459261182
3654700,66.9680268327148
2732500,69.0038421675076
2787800,54.98242778544058
3299100,34.18415219053206
4434300,19.01168506621627
3839700,28.30233843376244
3833200,28.449515905243462
4475600,26.44969173880232
3155400,22.0367133643915
4013900,39.286979577189975
4458900,48.99665022627395
3263600,46.73344303230195
4916800,55.70097250153949
3397500,53.88846837089498
3436500,56.73440720813015
4774600,59.20275277354278
3638500,53.71818349800962
3927700,55.66246787520402
2798500,66.75739658459419
3511300,63.586553322301356
4411500,68.06924946438693
4266500,72.4219776838003
3322100,73.26068294464247
3487100,68.836626162359
4780400,63.378000618392925
4338300,68.77209049655363
3683000,65.96445338036898
3660300,66.63761213288413
3747100,68.14010468173
4069600,70.48407617395875
4133000,82.0634866427102
3537200,79.75127607916123
2688000,72.74090989800358
3700600,77.41111082297327
5535100,76.7673131917111
4982000,76.96569215699985
3854300,63.42406348180705
4082600,64.8904233131426
3888400,61.39046198417997
4947500,64.86861895534149
3492600,67.5121004344109
3903800,69.66924309043588
4598400,65.36605115451125
3065100,60.69996383456983
3410900,63.174721809001575
2966300,68.53636420805444
3087600,67.08169715318333
3071700,60.528207422581545
3209800,56.47457760225929
2894400,54.58463091636588
3778400,54.77028463108653
3223000,48.36151975497852
3278700,47.67543817956173
3303700,42.72010146701607
3689100,29.02499129722039
1604600,24.246016445693026
3324200,23.923977226606493
3475600,31.288976749660684
2914500,27.963303881250194
5553300,23.346234676049754
2675400,27.133653006185
3476000,38.5272416144626
3317500,33.7484616185467
2729100,27.66678338137714
2582500,30.364024134301932
3678000,33.07819961069475
3587500,44.219836409670506
3093500,41.80230910019423
2379500,43.81355638109251
2607700,40.967929580503984
3280300,50.86357259865515
2993200,43.554846724867105
2665000,52.029408223709105
2948200,57.231146584754406
2354400,56.259977496618276
2625300,46.437188412678836
2731100,53.30838398937235
3234900,52.19645911872774
2705400,60.23799210919102
2550600,51.75865603677629
3021100,43.7751892143264
2714000,42.79083144437797
2998100,48.36304765648266
1498600,45.57857638268225
2573500,38.09195710169679
3538900,42.88452689263128
2880300,28.722465685282963
2678700,40.75822105709744
2606900,44.59500860648431
2740900,46.238094601334105
2533600,43.38672894483388
2075700,49.44817446943214
2440800,36.73393292799499
2635000,38.17655507220751
2942600,36.66038841054593
3123300,35.180146955739325
4181500,26.201291768242623
3632500,26.159951799974163
3489100,25.525293836489926
4137600,32.46751152556071
3746800,40.48149482973015
3261200,32.07931394027288
3142200,36.223732339769874
2613200,32.22325982301974
2670400,33.172588223323814
2662100,33.74935150289014
3640800,35.554339118041554
3218400,32.49282826520353
2842100,38.85758889215356
3288000,39.989058869362815
4234500,41.8456952848518
3186500,42.718635666498315
2878900,42.692837099346306
2411800,34.377788484009564
3544600,30.776465284112437
3236800,28.57133224921387
2945700,19.28021936456952
2869600,18.53113522520223
4727700,15.466158333834812
3726600,15.534027534004117
3739600,30.003779601420145
4252000,46.296669695490145
3778600,39.45920737012458
4667300,38.42791929063532
3665000,36.56905912178415
3740100,43.637466717439644
4103000,49.988227865107376
4174900,47.60906596079762
2851000,47.75618118971581
3699200,50.9136766753306
4483200,49.96244384851473
3615300,53.88607552198457
3579400,65.59436970969368
3562000,65.108772774476
4320300,63.66063722968672
4184700,55.68612649467872
4381000,51.149716083620625
2601200,50.298875697311566
4193100,55.63704881562986
3962000,43.04165865996839
4331700,35.17788880918346
3135300,37.25078462602702
2771900,30.132675686614984
2960700,32.38097510550986
4831200,41.280125450630294
3773200,43.69461272874482
4001300,49.20276303276549
3323700,51.759564371949736
3370800,45.86810502953523
6060700,52.34736063595515
3585000,60.90702674551354
4551200,66.93745052184667
4221100,56.27844576823264
6141700,58.01298403676128
3653000,60.23625395652442
3537700,63.59481266323762
3133600,71.12054965348739
3297000,67.59953444973439
2957300,63.17176928296715
3124100,65.25864690954394
3592300,54.60191013358851
2451400,47.64233898332273
3443800,45.41629436472531
4085200,32.26444422095122
3082000,25.100097351472535
3231400,25.3983304436368
4603800,55.323925916018304
3627200,57.834014296094495
3189000,57.072463646831984
3091100,48.558379622744994
2278500,43.006622882197846
2401800,44.90401989995497
3071700,50.816799413332056
3154200,45.241303874027324
3517200,44.18962540959269
3144900,48.435388946991715
3341700,51.77543651589608
3965500,54.67676607631672
4069100,66.17111944877841
3277600,65.14534378781904
3445700,52.310219226852254
3976000,44.249265429324886
2288300,43.81595509213934
3031900,42.76121475308606
7164800,42.47571742147218
4176300,42.11240134127752
4179400,32.791999156592794
4421500,47.270186424784114
3520900,43.39544907890654
2853300,40.29012189303483
3203200,33.60916810929168
4446400,43.997328246454096
3638300,37.86386673611813
3281900,36.39370196130696
2481600,33.77442207415662
2558500,39.672272644240344
3324300,38.83064790143591
3028800,46.7187443186254
4564700,43.39524617550165
3452900,40.28145916113863
2577000,42.66133885292584
2501300,36.384093952830504
1793200,39.93457983909672
1675900,40.0595381956389
2679200,42.655377041988295
2976300,20.272506008307257
2557200,25.332816681800242
3935900,24.143063531309224
4032300,22.059793155728077
3221600,20.479052797460557
3086400,17.19379876830351
3383700,13.738960265294459
3569600,14.98839565040483
3868600,23.686152656004165
4076400,18.083147188387144
2161200,11.066999952752564
3044900,12.917977506603378
3958400,12.36557562239046
3773600,13.705646653275183
4197500,20.188832317873366
3607000,15.618216759651707
4648600,27.568515754055912
4464600,34.731883078301756
5475700,49.34593886872578
3661700,54.4484740247867
4425300,45.72869227453869
4238100,54.053044843675444
5388500,56.99049156119011
3669000,61.14704737180508
3700000,64.03474623661499
3794000,57.08110934346589
3327800,61.523201072464175
1694300,62.285667053797425
3921300,64.05077736034643
5307100,69.39642767214694
3534900,65.66546766949165
3298700,64.98686329866622
4508500,64.25319609887653
3805300,59.66343846129309
3522700,69.87408575826507
4046700,64.45408504876868
3274600,55.74549300653122
4473500,63.60730778341601
4610100,70.03190969069455
5009600,80.78707970914554
9031000,83.67155826888184
10284300,85.51828394155912
5720600,84.56148587564861
7150500,82.61534343997812
6230600,80.98403262087311
7467200,82.13519652265116
6002200,79.23327150514403
4801100,79.54915376826037
5502200,72.00306767786977
5111000,74.59257656771693
7245100,81.17798800212125
5448400,78.89624758654253
3708500,77.10829538414832
3896600,74.71424541761257
3638700,61.46472712510146
3688400,53.7018442980382
3515800,57.92501912861442
4320900,59.817897114253704
4730600,62.5606346720628
4251900,53.01469747387504
3890600,54.76959662627185
3556500,50.52607573141517
3546100,59.7751923605603
3810000,52.36107234014679
3059900,36.583905459353915
5047700,48.1254023346428
4050700,45.730132669522526
5146900,54.73615035252057
6376500,65.10653861978271
5492100,61.60500051461397
5047800,60.28289620362783
4385600,57.653224311154496
5033900,59.940355695988806
4554100,65.6340292099716
4259400,60.34574770383307
3693200,64.63570320744572
3749400,67.32658586190915
4897900,76.2953509270828
4413500,74.44503513976704
4898400,67.27426052507246
3286100,66.02370697542145
3892400,51.70857690183288
4263800,47.351962819880974
3653100,46.61679785579398
3296100,42.02787177980093
4938400,40.19163513551821
4079200,47.63593845007893
4350000,46.64921340862992
4630400,52.10106017365686
4314300,50.31851059510414
3529500,44.07559395208724
3871100,31.343011122337852
4072500,30.929999169372454
3905500,30.74420193112256
3254500,30.460998933295485
3412800,33.42398582493314
3138900,31.262780113098458
3472600,36.06279316769023
2711800,33.68972006755685
1169200,36.55061499905124
5802800,10.63953691284756
3290000,19.50155359096381
3525800,25.018568165833425
3329400,40.329347831381924
3111900,39.09053283286639
2958800,46.874713465617845
4206400,59.080289755073615
3213200,58.38871598887653
2977400,48.37028813962988
2630500,52.80107826258992
3885000,46.09419580925847
5009800,46.97136534607935
3887200,52.6582918973048
4248900,53.9133863752063
3487000,61.29696481559697
3349200,61.06191318904343
3632900,52.05744995657425
3166800,55.57763263647105
4139100,48.95853783294432
3228500,44.921706055003895
3406400,43.089380771122684
3970100,50.02326927337168
4377800,60.78996912194064
4116100,62.439062200358364
2081800,70.13740711141133
3121400,64.61101192483736
3277000,62.986840206831864
3712200,62.93169067008291
2995500,63.96164221639231
3206300,64.88509321015898
3878700,70.23135271527109
4037100,66.58673938120928
4408500,81.24042761195268
3684500,90.76261948469109
3984500,90.8146706645053
3794000,89.71418417677613
3865800,87.37200447195083
3486900,85.97375511114787
2912000,85.96644247483435
3126900,95.70887216048853
3351800,94.18258170561899
3795700,94.12847503198884
3912600,88.89727616701683
4416500,88.32151610104587
4088000,77.32801239719711
3857700,66.4298922241159
4058600,66.47570482375723
4192000,69.06052007086464
3354600,63.181352866774844
3153800,60.980526164081496
3049900,63.18447996212176
3510600,53.07453676007453
3905700,61.04341058171362
3811800,62.36421634333043
3487200,67.93580167907541
3874400,64.81210579870833
4179800,68.77208693227746
3608700,64.13617453666834
2661700,69.22114312583729
3133500,62.33886957680488
3635900,58.05578971610492
3221400,51.43547635666501
2974200,50.91428282991469
3611600,51.0881682461721
2759700,57.216696284897154
2729400,64.26165916327683
4077700,46.55110268357925
3687600,49.77470158681112
3771500,54.12792189333525
1824900,56.30451414694996
3150500,56.933762096524006
3843900,59.143019056209646
3992900,43.741506399701436
3529200,56.01871502116986
4377800,43.698151433504584
3329100,46.77176196965138
2812000,51.539015864844295
3710700,47.464560911408334
2691100,44.12002728570698
3001000,46.417905892262134
3889700,52.95829715977566
3365300,54.13467505746408
2809900,45.68380015266437
2108800,42.98086892785023
2953400,41.68415434681081
3233400,46.47711781762842
3200300,52.25026634760504
2858200,49.16629726749106
2774100,66.45271903998814
3894600,64.45614617560373
3378900,64.58970306097838
3507200,73.3742460326543
4243800,73.9566834513552
2936900,74.41714493333417
3568000,66.52863996756717
4952700,64.24128852297865
3691200,69.53692825661365
3340700,78.45777151307723
4390300,80.15183745545615
3614000,75.16918358376614
3421500,86.44722800904634
3662900,86.86497994533936
3663900,84.0438358028502
3918100,83.30635225704914
4299200,80.09834435978928
3587500,80.1334355422389
3788500,78.63865519832152
3816900,78.74429757295171
4505600,68.08063636795352
4124000,54.426823437538246
3972500,49.26958827224595
3325900,57.9778096430125
3265100,52.866346246032656
5630100,49.16354751910613
7623700,37.91768020716048
7572800,30.143418957366656
5408500,33.0224036894147
4582900,39.17897562903494
3531300,36.54560430303361
3462400,35.59672616459038
3520100,40.17943090276725
3987100,41.33858430240087
3489700,45.94150628008085
1647100,49.26573233486584
2653700,50.469737015073534
2752000,45.66871528511862
3423900,39.14625586168364
4587300,45.72340306655499
5352800,44.47935469729257
4344200,55.064975196591014
2861200,51.24744920583722
3606500,51.82600310708164
3841700,57.29121742082343
2936600,53.36744593616016
3339800,48.14415252404088
3244400,39.21956574419183
3589100,39.5806382302389
3857000,37.988757094713556
3569400,38.136607732922904
3683900,31.303708005094165
3396500,32.640097803268176
2673400,30.045418853448997
2461900,38.981182131340056
2809800,30.701479365805184
2155400,38.57710903989478
680200,34.12204074768117
1624700,31.965000889001097
1960500,44.65302579981513
2119500,48.697327474710264
808700,53.16758472957705
3328300,63.70749561446453
2840800,70.08129991781092
3313000,71.0210592087839
2374800,68.07790478739877
2480800,79.36459179055758
2623400,79.16769086647264
3139800,79.77022078272255
4535000,86.47989427268398
2735500,82.59213229193968
1763700,81.4555794283862
2933800,82.33933146210056
3008900,77.78718691991311
2867100,74.52644997580065
3416700,82.7888136505567
2957000,79.7801766852603
3850500,82.88729436879663
3494100,82.4602244204213
2583400,86.04851815864447
2264300,67.40229562267281
2737700,67.05976310793632
3214300,66.35943337045818
2959200,55.322462624468
3482700,60.60854842918723
2551400,51.50043525372096
2776200,49.21666192767434
3138600,55.081872703222274
2641700,57.426736541700265
3439000,60.59354443261095
3108800,58.420173214712456
3370900,56.013879840434775
4119600,60.617085333563935
3550800,60.611829050713645
2787300,75.23005834912031
2171300,76.54028582270129
3051100,77.559471163714
3374600,75.7818637138824
3977800,65.01393031150407
3059900,66.53687334900964
2378500,66.97884031866859
3095300,56.1323134099647
2654400,59.75704694784399
3337500,51.52354689102596
2886200,43.311973702534495
3727200,39.76450833132174
3513300,30.12697426178855
3432900,31.4715429171555
2162800,38.282896055553536
2824800,29.646228742060206
3742100,36.963621899527986
2860400,36.93188588429597
5213000,35.24380604732322
3613900,42.02960046526696
3700200,33.87529260958445
4063300,40.295720082919786
3447400,35.20037494948896
2571200,38.676940550548885
2672800,43.575163960490194
3359100,50.0465894882806
3488200,54.93027111358023
2335700,53.21002839386563
2614200,47.725170622926676
2858500,53.14190628732383
2085300,47.70192550815508
2982200,44.85879586943864
2875000,50.440461697364455
2853100,48.46743426843164
2984000,64.68733145805689
3178400,57.816916721886216
4253500,53.24939155592773
3212900,42.53463241159181
0,50.498551771351295
3144800,47.20618601198488
3069500,36.3308421075721
2899700,40.533328601241855
3194100,46.63575615061684
3037200,49.96450569446184
3221600,44.93763939480281
3112100,49.66538805587316
2973700,57.95271299904132
3497000,62.48484541598168
3446400,58.11567694462737
3779900,52.85915619703639
2760000,59.02750883755013
2273300,64.55659479429518
2679100,61.28025445063948
3174100,66.60414743892076
2872600,72.83759125617692
3822600,73.69047504236305
3290300,72.52186798837677
3672400,70.67655538615128
3317200,64.57693519725474
11046700,40.38470170886124
6120800,41.8411634366443
5815800,33.87416918857482
4753500,39.74734905062783
4181200,45.56204382979034
4001000,42.125176069211605
3849400,46.1598237438813
1646300,42.2454680262381
2235300,38.56695161308681
4535100,34.38195138764172
3370200,30.268806073080963
2874500,30.22723085677312
2421700,29.0979091585572
2993300,34.20832212018016
2892300,60.630060861144585
2702400,51.13754440695069
3099900,54.40682888489408
3026600,42.33194528361622
2469100,37.59561366700171
4328500,38.831378142418124
5088000,26.501746475060337
2752600,33.63385935170998
3956200,24.829519708332256
3274700,30.79383209279216
3066900,40.310475704089235
2836700,36.24513818455283
2599200,48.17132910269245
3275700,39.963636324185764
2719100,41.222398234510244
2915500,46.0930929495814
2688200,55.769028966082494
2086300,63.14253454917692
950700,61.85477344775386
3169900,60.466672614170164
3038700,56.91660844846074
2894200,52.80855519793852
2224000,70.52963120061887
2566700,74.24739495522854
4116300,75.96340809518986
3121700,79.13369115560299
2711600,76.14728931363223
2255300,80.07979594631108
2213500,79.2748948223919
2622700,76.2801444153727
2252900,69.73555768629346
2125500,64.01450827260906
1908900,67.29657075004017
2737400,71.2658668298512
2942300,71.90572763344466
2483900,74.95070264124953
2760700,72.6410739969932
2572700,70.45551462212161
2762600,67.73978024099979
3713700,69.43941778425547
2722400,63.14327438672155
2370900,66.8380355291833
2996800,71.8529755903682
3134300,73.32789915789111
2488000,73.6234254360574
2820800,68.83704924896173
2890000,68.51847070184684
2827300,70.12780403822158
2753200,78.33094192681865
3753400,78.1854943506021
2661800,69.94740972073615
3464800,71.28673837041087
2643300,67.5142319442521
3907500,70.94608321183352
3348400,76.51821368807985
3113000,78.11032277927411
2411000,73.86616888267325
2196400,73.71310774765782
2274700,77.46518704014562
2663200,80.63682652954152
4245100,78.77805072189093
3880900,79.15871134365224
1998000,79.57654531647171
4230900,78.84037439798952
4242500,89.96134186199359
3114100,84.26071613876363
3283100,87.68930474779117
3591700,85.33669699669471
3212500,84.76952224704777
3206100,81.07698901603483
4825000,84.82021125692896
3437400,86.03122522806028
3026100,85.15104128860742
3890900,91.47823068842872
3228500,86.82088129426486
2801700,80.97850326821062
3376500,68.57601321953527
3565400,67.16535882287678
3788600,53.64141357228997
3082900,54.64459590984308
3126600,49.97410489150024
2512000,48.42109016034193
3816900,64.03544471213054
3119500,63.709922343642134
4112900,57.3313132860522
2994300,50.913770418740405
2335300,48.59821306394491
3489200,55.95082352305763
3781500,57.13466846640057
3200100,60.446601175347645
3075600,67.76351956961703
2771100,62.831073441514704
3156800,69.23153943886744
2509800,68.60253432889611
2645300,65.68492943375439
2631800,57.22652194892491
3047500,46.992331537842645
2953800,50.84858884576494
2901100,45.24714280981231
3434400,49.65323155412025
3811600,44.09367022049623
3545700,31.393903061357186
3668100,30.251336147420325
4386900,27.902141849569063
3297400,32.32817479896884
4888900,27.549989163516155
3408800,39.361903682441515
3303800,35.332783129152816
3140100,32.406059550538366
2783400,37.120461232812296
4352600,26.943451643560717
3340900,34.924130089242446
2749700,41.42705566450986
3539600,45.809681633024745
3410600,49.44527894277108
1556800,51.1720436275021
2510300,51.78479473389555
2810800,51.0501546909484
3030700,49.82092956927592
3639400,51.67489492974535
5348800,39.29197391270727
3003100,46.91719260409963
3038600,55.20555834663564
2913300,50.76562139006752
3099300,64.13908399025766
3260800,50.14562786900844
3085600,45.49186488402375
2450200,36.0477656228134
2956100,45.46154753895392
4494700,40.6125936041934
3491800,39.81074507417428
4659500,41.582369183842495
3202900,44.46003633556424
2351600,50.107149497545514
2219600,59.339915988543616
3056400,65.81952453104519
1906900,62.629933408327744
1579700,68.90277734037154
1792200,67.51645146982578
2083000,75.8832498317111
0,75.06343736584385
2880300,78.98499561672075
3142200,76.47382620009388
3486100,87.59183742748725
2747100,94.06798349981437
2550800,94.15101890536373
3458600,87.71303221788155
2759900,85.6341557157192
3409400,86.34937091429595
3577800,82.29059821722169
1941000,83.15232388710554
2982500,82.01630681867094
3341200,84.25104348811904
3429600,81.04227827102324
3123200,81.65954935846499
2693000,78.6130671796461
3711200,68.1532704438335
5503700,75.60341283480372
5410600,78.51749395409048
3889600,72.70260822373676
3566000,74.7192120211361
4233500,80.17977848652784
4085300,78.96124366434273
3376900,69.96053213776204
3253600,58.27043061019542
5599100,63.44677381980407
3886000,55.63130445882599
4011400,52.269931169564245
4283400,49.551942744519145
3910700,55.431349751725506
3489300,60.126405530682625
3475800,53.07377745771128
2088900,48.01358145895126
4078100,54.125882224722446
4815500,55.644089574845694
3535700,56.20086772099153
4178600,56.23679835707012
4047100,63.012729771004345
3534700,70.46677042833024
5947100,56.99482112257755
4341300,62.36865436227871
3884300,71.58011812642481
3425200,77.19699765306056
3608600,64.6951223192034
3456800,59.09157378824331
3694700,53.51720008903857
3481500,59.919280242883545
2602900,57.32524147731564
2735800,52.319458376034085
2561000,46.11504403332276
3840100,35.82725136164218
5446200,32.74277482787266
3330600,31.613190234712334
2682000,40.65700496013125
3260900,47.60637086251198
3241700,43.58261111284637
3176900,39.390498396832974
2355600,46.68874863698316
2948400,40.94614603477161
2911400,43.76713149219621
3150300,44.57745355969601
2598500,37.848517288735536
2579000,39.91736161971417
2948300,40.21979413952051
4257700,52.0086703769163
3069100,49.879079899635045
3174800,46.88124068632741
3518700,52.056130177397094
3370600,51.66513806606912
2837000,53.720641705357636
3504200,50.114582674938916
2913400,40.43850776351207
2628600,51.57966038398128
4196900,57.695746226566
3522500,52.32279942729538
2990100,54.32822702539392
2426000,54.75158834318611
2845000,55.410258821224964
3218400,49.5691826976869
3138000,57.117042870866364
0,66.00184743546409
2181000,59.091900572363976
3720600,46.85195201394233
3977800,40.51518318487244
3472900,44.25480339607569
2843000,49.510862984484326
3949500,43.161196991596974
4695400,40.42968152028069
4611100,50.54432192012914
4379700,48.624992590520804
4080700,48.41088104475832
4405100,48.56558857311403
3707000,57.42175417169828
5508600,38.97497068287207
5730200,36.964006320568686
4242200,34.2956170953139
4785500,43.31815471919501
3875500,41.213539643776976
6182200,39.43689425151473
4650100,37.1131782087474
4176200,28.655258158317064
5972300,26.54719563368947
7442100,22.928802345535487
6044400,26.20249053132832
4023100,32.076942695044785
4499800,28.945882907491832
4871700,23.04866116230572
7919200,23.44297469773345
5952400,22.85854510277078
3564300,23.515647146017407
3889600,21.757730703072767
4360200,23.208278402540188
4281600,23.152136663567266
6456800,23.83374911203983
3475200,28.207311378669445
5185300,33.293227636543534
4414600,33.739086940045446
3490800,27.130118682392414
3054700,23.658665531769742
3346300,28.84211269831598
3502300,32.49782948805708
3588900,36.293973070772665
3511400,45.41571595311161
3879400,52.246119895451486
2753900,50.75448915580969
3253800,56.772955842350804
2142100,63.683015264675404
3562800,66.2942068988648
0,73.22864863279148
3901000,67.73678151995546
3766800,62.090152170299056
3508500,82.34140697565637
0,82.5740734536582
3134700,82.05207038943497
3882900,83.77163192301302
3394300,84.6079404955275
3781100,82.68585902582538
4745200,82.70209147018743
2446800,77.70854079890351
3283200,78.31503161146338
3472700,78.1167353400334
3596500,73.7163707548402
3015600,73.65300305540454
2631400,75.69168440820134
3354500,72.04316939938884
3227100,67.9292125593089
3005500,66.46470717137866
3802600,71.60207732341512
2516600,64.67844917129565
3861200,65.25600228926244
3833800,57.922397255415035
3717400,51.27364288510039
0,44.09398520448603
3958200,43.33942918905305
3713000,43.65569359977658
4386400,41.13340669140946
3285400,38.09020500066408
3742300,33.733795301722814
3578100,38.31798811417112
4077000,34.49965952790225
3610400,41.06624458933092
3866700,29.927663134698257
3159900,33.860230204967806
2750600,42.69540731942607
2964800,44.741193401226525
3127600,49.205197900179094
3546800,50.050544066986134
4145600,47.518597707150825
1673300,41.50378745084202
3162300,41.49221657321781
2830400,43.971388572107756
3298500,51.81415594283248
3105200,50.831150449682546
0,48.60699731900803
3709100,43.622934314056
3062100,46.51280964324348
3231700,47.049808795074256
3397600,45.76781832252368
4167000,53.55959268828207
3780800,49.57525179413433
3137600,58.4249469875745
4666800,62.106824694220734
0,57.529189877441645
3700400,67.17708906088335
3735300,66.11966133061287
4475000,65.99419164564003
4061400,62.435556740612064
3134400,68.74306686740006
5929900,74.49203290995584
7618600,79.58898859649622
4935600,76.77848853593515
5394800,70.89910798908849
9999000,74.72795007366793
6461000,75.44504721449519
0,66.16095426659147
5188700,60.670822368863895
4782900,67.25846504751547
4811300,70.22378036946337
4858600,70.25152403966942
4085300,61.06793903068707
3753500,64.10297008887004
3873700,69.18002005677597
4388100,61.95463660775868
4679200,50.03364996418334
0,53.87785633400785
6471500,59.7802068874993
7733900,43.74126873867004
6556900,52.55411245281659
5889800,60.82859314522899
5878400,65.45303170803695
4620800,66.69525839435731
0,58.75269278313425
4371300,55.71941344635168
5297700,55.329642147633514
4814400,54.44907827253858
3534000,50.32009490999158
4410700,49.40436702598867
5591600,59.64021195679915
5184200,63.036225172056284
3642100,57.04221605035312
4140600,61.93568210729193
2244500,52.771405515493996
4148700,45.86541964292099
4557300,39.23950841888236
4971300,44.51902083073497
5295600,52.42444116721546
4257400,57.44000834143685
6736700,66.30647841155383
5935600,67.0801956156743
4879700,61.904686862399494
2790000,65.97522017219862
4370100,61.98264069222023
4479100,48.47199014846849
4084400,42.18325668021042
4390100,46.855025741680876
5000500,48.37814834435894
3658600,57.11843443947326
3553300,58.61329605616798
3849300,43.10123504544136
4093500,36.062069079727266
5664200,29.594184151578773
6100500,28.960479194927753
6076200,29.880075629669815
3355100,31.74865561971425
3820900,31.183915838265456
3649100,46.32326195387686
5615400,60.55340429971797
6066200,72.88479860356412
5322100,72.32891888545956
4565000,70.16747377624851
4496500,68.70650053474392
5011400,74.68234457245
4840600,81.9368595803481
5330500,80.60419510709069
4486900,88.73913851464866
4836400,88.94974837080836
4257400,88.82388654103352
4944200,94.18089977331275
4884000,94.35573353214565
2717600,92.04291834278271
4256000,77.66084109043402
0,79.96913453909006
5019400,81.72079175053294
7185300,67.11315343983702
5262000,66.6691770935465
6164400,65.80003735906642
5976000,66.39830487399385
4301600,68.61534419629679
4278300,68.27850662979185
4773700,69.2146094432744
5458200,51.33103304194674
5612500,47.00828342108153
5302500,47.77509244941667
3767300,45.031269740774825
4915000,53.89791989639016
5814400,48.02889645221972
5222300,51.576103262470085
4586300,57.95423172944986
2837100,53.44358997980107
4830600,52.73779612068149
5906800,47.70022223882163
5814100,47.43845120005677
4426600,48.230119540769486
4360000,47.113869337423544
3555100,62.219195963520384
3873500,61.93150367343766
5365700,51.25074441850183
4054700,51.066337364346055
2715300,42.04962904413151
4104300,43.83867243981326
4054200,37.81864964068882
4251500,52.27903763176292
3832900,55.79567736761334
4812100,55.47192657443639
3584500,59.50192513035066
5136400,59.9828049080802
4204100,59.56829005488357
5231100,60.90625207571954
4633200,52.159552744125584
5321200,48.16686364414524
6001100,43.86908223461642
4508400,46.85966058129286
4660700,54.23928989203114
5726900,43.55222739627459
5192300,48.05188721266163
4674600,43.29165857491663
3753500,45.74444684035313
3713200,40.844413423136395
4308900,39.49616797899994
4086200,43.55776732543482
3689000,43.451085526053994
3430800,45.05226152696707
3733400,46.05667491164836
4574600,48.437504255853206
3530500,53.62893815567983
6712200,48.286983188987875
4629800,43.78562370000541
4581600,58.8664544274877
6458600,46.04734262220081
4933300,47.19335117915374
3176600,44.5999789782581
4309100,52.32089470650289
4658800,52.40991249649591
4878200,51.22579492044621
3767100,46.92962578621763
3225400,45.65769315183513
4228600,50.59363000968182
3863600,48.57307915916414
4014800,55.854106996984065
3216000,60.673628244215074
4907400,56.41418499955189
4916500,56.17089002950034
4152200,57.62745456342486
4097900,48.59955548845211
4662600,38.42802028930416
4045400,33.17088033852262
4791900,34.345790879969236
5570000,20.23289432596676
5342700,20.75583633297416
4620000,33.61816381814435
5397000,44.335928495965746
4232500,46.43463284396318
3787800,43.223066694196255
3484700,45.421962916804894
2544800,52.10401576535419
6383100,53.12650133599166
4559100,56.635829691116065
4398200,61.41193065739988
5089500,72.02688892168341
4547900,71.08548792951476
4293300,74.8477138961396
3769100,76.86284110135163
4054900,79.23497776888941
3718500,76.53864363049156
3584000,66.7343380821639
4922400,72.24629703827925
4948800,71.14458849461742
5594000,74.24968601474846
9184900,65.8254326205737
3926300,56.98561567635148
4524500,63.389159082393356
4411300,63.33187757968862
5490800,70.67517895087968
3559800,70.84850023639305
4469200,60.227540453565766
5013800,68.57776300938079
4154700,65.33692675291626
4079900,64.14891108930505
411600,67.33075594944276
4951600,58.048242047704555
4801200,66.56960942495525
3978700,69.50404381398351
4208400,74.81717840045901
3500300,78.29206879394212
6815700,77.18543278574964
4845300,71.06325032121265
4748000,58.78035689166446
3995500,58.063516137100564
4475800,70.35201526081343
3818300,68.541123304409
4410900,71.23802422587664
3484400,62.14913970849112
3464400,62.55531675096026
4050300,65.66358140949231
4872700,61.66300528098575
5804700,44.754783492885075
5141400,42.92931867761683
3559900,44.400644640109995
4060500,32.77175458410163
5072900,30.99066465878236
7129100,38.701461380941076
4923500,43.32872260286412
5000400,33.007668686207026
5074800,43.7322314009329
5570600,42.696956815386024
5538300,52.95735446031507
4549300,50.55035406199136
4509700,44.02195275146218
5198900,47.6840668012879
6485200,43.15005963893954
6585300,39.6170400934119
5483400,40.001891952179776
4924000,40.45485594318446
5235200,42.54443643965772
5969700,47.94043617853843
4495500,43.406347169123976
5668800,43.79516141466274
4136800,34.07535106028894
6581700,35.07783164795255
4350800,33.77201393729457
5163300,41.89580764006412
6109600,48.36221804465362
2685400,42.98625875743905
0,48.52222051976875
4310700,57.11817263525143
4814300,57.84361106996679
3976000,60.755414950174334
5516800,62.238440943171156
5478900,56.479734858565784
4877000,62.53236741687864
4962500,77.02858263007693
4039400,79.81061945402183
6038700,78.55034924463929
4574900,78.47411154868534
3882100,72.05645083610447
4915800,68.50532371784357
6769100,74.26979522315446
6769100,81.66571293273019
3972200,69.02992625698882
4117500,66.88988927753317
4138700,67.51845537230263
3471200,63.994414089022094
3895800,62.36128501876185
4095700,54.336140277676705
5066200,32.33451225933839
4665600,39.18597577762943
4649400,44.59321818789327
3938300,31.689981982196095
4342700,30.23540356252565
3939000,37.984975634276786
4373100,38.50616348162666
4351800,47.636890175591276
2987900,51.876510681241875
4093400,50.42902162953947
4509400,50.76355835067625
4189000,50.17747950077171
4478100,50.3386923390803
3504900,57.02231274159751
5224900,74.64030420018842
4656200,73.95789621567496
5619200,68.40780253578593
5398900,82.54535159510372
3967200,88.56146810474293
4313200,81.68081005834381
5450600,82.11086164965693
5376000,68.12221470290244
5466300,69.67067512378814
5182200,70.28285611966672
5657600,66.19244436841672
5505500,68.35270126585654
6075600,74.17423687561232
5419600,57.77758185498969
3928900,54.41754184863379
5219300,46.86338839155259
5339000,45.56734916911866
5364300,46.824783421419966
4919800,42.02560135745671
3610300,41.6171029785275
5819400,46.62504199368769
4796100,56.20989097915552
4512400,51.2621005524572
6904900,44.212297020987855
4418200,47.4821400901579
3666100,50.124619897394865
4186600,44.93277791798116
4708000,56.53278972056614
5223100,53.645982989708976
4889500,66.46164798013102
4399100,73.21538501169084
4968100,72.78003441214864
4991500,73.27529679856363
4758800,76.6767063714761
5146100,71.85644434954588
5682000,71.86494777809276
7712100,75.49023991377852
6078300,82.92560827833027
5352500,83.01933865279881
7940900,85.14004518630577
5784600,86.93321606351104
6887400,85.52931832767094
3995200,87.66925319221535
3788900,87.55107459179388
3905900,81.17678272055967
3667900,75.45748146727774
5162700,81.64580093956826
6834500,78.26881829098517
6570000,72.95542080749223
4854100,68.81206068129227
5910500,65.53169017877161
5953500,67.68804315480331
4783400,62.997305357450514
5685100,63.25113090659873
5361700,61.51574460225848
5569400,55.5580374227477
5422700,53.83617254051947
4947200,55.42398610684264
3843500,59.88817482669979
5085600,54.332689736400056
5765700,49.52678176171863
6572400,57.56899878842684
4778700,56.18377223244443
6097800,43.62489902246806
5229400,51.07733498908628
5097800,48.89729639303217
6315600,50.49331627433
6219900,40.56986254222777
5512200,42.41432214342739
5829400,48.09856740595164
7173800,48.60989873588681
7382400,41.20388400334829
6594100,36.89131415772848
7486300,38.041922109274175
6767900,42.85126096341179
8159200,43.412925724079535
5635700,43.657684747342145
5335900,50.04263873167115
0,46.70990898032037
5548400,48.99127526700896
6334100,53.25501911286143
6793000,52.78844670049528
5896200,47.504191152011096
9369800,29.55130866808242
11237700,24.996055281777103
11228400,29.443851594568965
8858400,37.661784116331354
9385600,37.71439071611907
8410500,35.377048141415564
8598600,26.650955861549683
11864200,23.789344726802753
14645500,17.45755553983482
13531700,28.36502793201266
11786900,24.59226112761474
12008700,17.830261131604185
15766300,32.31369735802338
12847800,27.80331826306851
14945900,33.72840389567405
16751500,31.10185008400582
16144700,31.782471709734537
15152400,29.592428769746938
11962200,28.40252665078938
11679900,33.55311299185017
12951100,39.22769286600448
12758000,42.587654328675406
10301400,45.211801920675946
9032200,42.2806810272932
11141500,44.65872857732768
10093500,50.929235471928926
10540200,42.81390155624161
10411300,49.72359405757218
9685400,51.02639891953085
11286500,62.86041717697049
10206300,63.38409465035745
10748700,64.09871831007554
7651300,71.30184825204068
8593600,66.05815454781434
9758400,57.314893032678114
9028400,51.07304994624741
8317800,61.843533583017376
8874700,59.79527988804846
9848900,66.71341197183654
10823500,70.19219564197745
16529200,57.14356952148077
10656900,68.47208573058286
12939000,65.83095246772
11719700,64.92643457365864
11804600,54.65799250111846
8594200,53.213347536937114
9154700,52.091521371101386
9775900,48.97251643287145
13808900,49.24656123922273
10734400,55.809986183203
9781900,50.94917332778748
10245400,48.609403307168854
11575900,44.728196591454584
13818900,49.430096836590316
11718200,56.020468473002786
11533100,57.32740487036661
10740100,49.194005474348884
9522800,45.716168717554716
11395200,57.63553268590625
9281200,60.38786272180107
8764400,66.06939632939793
12030800,66.85364024270089
11212000,73.68224990750073
10117000,67.23480292214408
16550900,72.3004755373851
9849400,78.70068288674919
11827300,81.36472106098047
15137900,81.75911234331912
11488000,88.35112471875904
13320300,86.2727041942329
11096500,90.07941890497015
11278800,86.37597447461532
11739600,77.63084080238286
12785600,74.65679443390047
13317500,68.07831593233952
12034200,70.53633962046813
11134700,69.53105105121757
10008500,74.1102499891985
13134400,74.04042623690874
8264700,67.8270813726034
9752700,64.32685569777179
9962700,54.40455922489189
8697900,56.320900651525996
8439100,48.41533934551846
8906800,45.375175669239184
10144500,45.868688966366456
10163300,54.7185494493509
10062900,61.449947060075466
5351600,64.40800776949443
9489400,66.42427401430096
8951400,57.29998638628251
9142700,60.73323226499836
0,57.686552667193325
9147200,63.93157822486121
10382300,57.99522281016564
10019400,67.2016909000652
9285600,66.55868113870339
8127100,70.52395687366317
10429400,71.0239851365607
8931800,76.15796949906014
11105800,73.98756006491176
10833700,73.85430421817873
10366600,65.4330109572694
9795200,60.870142928846896
9622400,69.7303271807644
9087100,64.13263745068889
9238300,69.69137292830436
9591700,65.57012070388089
12929300,62.96512729048852
10901000,58.266276489468076
12029800,48.563734478632725
10922100,57.53822904464676
9686600,54.51535107673955
10337100,44.83803860061452
8259500,47.58437883099481
9360900,44.00734225170729
10114200,49.76497070976484
10721300,44.361331138496965
8576300,39.945244694508965
10816200,36.48914057204719
9418700,40.38157069762694
10025800,38.95752093896108
9405000,46.03043527932919
9100200,46.430205135760524
7723000,53.81427667405275
8170900,47.98145729682274
9861200,38.33197327011347
7360600,42.172814985873835
7665700,45.78303525719351
12226100,41.317673797124016
9384700,50.616623379562874
7557900,54.7852551635832
12611000,48.634543846255305
11327400,55.69525138504805
8479000,43.51779564148477
7955600,51.9359088121948
8894600,42.400073507932106
9107900,41.007834750296574
8182100,44.89522283970726
9216700,45.41204787401509
7139400,47.67027529369415
0,48.958308961392184
11370300,39.55999290036633
9738000,42.96178994937869
7281300,32.54198793235134
8830700,29.62308238207451
9331000,38.060324261026196
7351100,35.849396602750275
10508900,33.08976448483353
8737200,25.45712493523912
9454300,35.31986378873015
9243500,40.44685135621403
8584900,28.239808439017036
8616000,37.592325252599316
11299600,37.879346117685316
9829900,36.047844769821225
11163600,49.31744319688389
10810500,51.9971149682402
7867500,54.088783844976504
8891000,61.885080235733724
8335200,57.342662112429046
7840200,54.65681081393474
9929400,65.41062591349939
8796000,75.14850323581513
8661100,73.1433049146877
9556900,73.98305244666952
7561100,79.04993608653452
8070400,73.11590282007978
8672300,67.55754684344784
11051600,50.03959461658129
12704400,45.87641388652947
10643200,39.763919213740195
10191800,42.114531020864916
10704600,46.570617573507676
10455300,54.519797054871496
8382800,56.499266816880905
17410500,61.45126480582263
16665200,60.59196550492138
10841000,58.63103405347056
10860300,51.14215934273815
9772100,56.54413170870858
11724300,59.83066953312109
10311000,63.92919979047106
10337300,73.33229036156808
8555700,71.89147314214449
9686000,82.27879864115235
11934800,82.69130011752311
8564700,80.9091231629645
6166800,77.5199987542719
8790300,77.90754502490559
19300000,65.68646720909999
11324800,67.51822647681722
9814300,71.71766133924653
11474200,84.74356309311116
8892900,82.844798166949
9633900,79.65255070150135
8810900,77.83035731128422
8431100,77.44652543407996
11803600,81.0240607524997
8372300,80.19765350571357
8190900,73.36119170972198
8195100,75.1041770366257
9808100,78.09415556265515
7701400,77.84415837945784
8636000,85.82020952619736
10347100,70.6689756256934
6947900,70.24487353697583
6483300,71.13912755912406
7171700,72.05689530535545
6769700,73.29958281324456
8235700,72.67423782304152
